customer_id,customer_name,app_opened,session_duration,avg_time_per_day,weekly_active_days,notifications_received,notifications_clicked,features_used,search_count,referrals_made,complaints_raised,support_chat_used,tickets_resolved,days_inactive,last_login_gap,last_subscription_days,subscription_renewal_gap,plan_upgrade_count,plan_downgrade_count,auto_renew_enabled,payment_success,payment_failures,refund_requests,feedback_given,rating_given,subscription_price,monthly_spend,lifetime_value,churn
1000,Khushi,25,65,54,4,39,29,4,26,1,4,0,0,31,5,36,114,4,1,0,2,2,0,6,3,999,1511,1813.2,1
1001,veer,24,119,164,4,32,22,4,24,3,5,0,0,59,11,151,140,3,3,0,6,2,3,0,4,299,691,3478.0333333333333,1
1002,Manasa,38,46,62,4,40,18,7,0,2,5,0,1,26,1,251,19,1,1,0,2,2,0,0,2,199,375,3137.5,1
1003,Khushi,38,66,14,6,40,12,4,35,6,4,1,3,23,36,324,4,0,0,1,9,0,1,1,5,399,431,4654.8,0
1004,neha,42,8,69,1,2,29,10,20,1,5,1,4,67,20,48,139,0,0,1,4,1,3,3,4,699,779,1246.4,1
1005,Deepak,15,48,168,0,30,19,12,25,6,2,0,3,65,39,161,153,1,2,0,4,1,0,4,5,499,715,3837.1666666666665,1
1006,Rudra,46,56,51,1,8,11,3,22,9,2,1,3,29,35,298,54,4,0,1,5,1,2,3,3,199,703,6983.133333333333,1
1007,Anusha,30,78,156,1,47,4,10,2,4,3,1,2,34,5,209,62,1,0,0,2,2,3,0,4,299,499,3476.366666666667,1
1008,Shruti,3,44,7,5,33,19,6,35,8,5,0,3,32,15,342,118,4,2,1,8,0,4,1,2,199,727,8287.800000000001,1
1009,Nandini,33,28,4,6,6,19,8,25,5,1,1,0,78,39,279,48,0,2,0,6,1,0,3,3,699,763,7095.900000000001,0
1010,Sana,26,91,24,6,25,4,6,26,9,2,1,4,56,19,340,78,4,2,1,8,0,3,2,4,199,727,8239.333333333334,0
1011,Pavani,18,102,131,6,47,25,7,32,8,4,1,0,86,38,32,30,0,0,0,6,0,1,1,5,499,555,592.0,0
1012,Varun,42,63,160,0,26,2,11,13,7,2,1,1,39,28,298,68,2,0,0,4,1,4,6,3,499,827,8214.866666666667,0
1013,roshan,13,23,37,6,11,24,9,23,0,4,0,4,39,28,54,134,3,2,0,1,2,2,6,2,199,631,1135.8,1
1014,Alisha,42,16,25,4,31,29,8,25,7,3,0,3,32,23,340,18,1,2,1,5,0,0,5,3,699,883,10007.333333333334,0
1015,Divya,30,88,166,0,18,15,10,10,6,1,0,4,50,37,297,0,3,1,1,8,0,3,0,4,699,1139,11276.1,0
1016,Pranav,14,7,176,2,22,19,11,31,0,1,0,4,87,29,90,147,3,1,0,7,2,1,2,2,399,847,2541.0,1
1017,Harini,39,9,44,6,3,8,14,28,4,1,0,2,20,1,81,160,0,3,1,1,2,2,3,5,699,811,2189.7000000000003,0
1018,Ishaan,23,79,130,2,35,11,12,12,9,4,1,0,82,5,194,174,1,3,0,9,0,2,6,4,499,715,4623.666666666667,1
1019,Abhishek,54,10,109,3,4,5,6,1,6,1,1,0,42,34,194,77,0,3,1,8,2,2,4,5,499,547,3537.266666666667,0
1020,Diya,3,1,113,2,33,6,12,3,5,1,0,2,10,5,282,132,3,2,0,3,1,2,3,4,399,855,8037.0,1
1021,Aryan,10,105,12,0,45,22,10,1,6,1,0,3,61,1,187,169,2,3,0,3,0,4,6,2,499,819,5105.1,1
1022,sneha,0,101,179,6,26,12,10,7,4,3,0,2,6,9,310,114,1,2,1,4,2,3,0,5,699,899,9289.666666666668,1
1023,Tejaswi,30,88,121,6,18,29,9,35,5,1,1,1,86,30,169,148,1,3,0,2,0,1,0,5,999,1191,6709.3,0
1024,hasini,14,85,173,5,49,19,5,20,9,0,0,1,64,18,48,166,4,1,0,6,2,3,1,2,399,919,1470.4,1
1025,Kavya,3,78,176,5,48,6,11,6,6,3,1,1,77,36,239,113,3,1,1,7,0,2,7,3,399,847,6747.766666666666,0
1026,Om,21,70,41,6,21,29,1,20,5,2,0,4,19,8,316,6,3,1,1,2,2,3,7,2,499,867,9132.4,0
1027,Dhruv,26,104,57,3,27,14,5,11,8,5,1,0,25,32,171,109,1,3,1,8,0,3,5,1,199,359,2046.3,0
1028,Reyansh,34,20,129,0,40,23,12,29,0,2,0,4,8,18,85,151,4,1,1,7,1,3,3,3,399,975,2762.5,1
1029,sneha,46,37,44,3,2,24,4,39,7,4,1,3,1,36,68,169,2,1,0,8,0,2,5,3,699,971,2200.9333333333334,1
1030,arjun,34,45,167,3,17,11,12,11,1,2,1,4,19,12,326,116,2,1,0,4,2,2,0,3,999,1335,14507.0,1
1031,Rudra,24,54,7,3,43,8,12,10,4,4,1,2,69,0,168,127,1,2,1,8,2,0,3,5,399,615,3444.0,1
1032,Abhishek,7,45,48,5,23,29,14,17,6,5,1,4,5,23,110,91,4,2,1,9,1,1,1,4,699,1291,4733.666666666666,1
1033,sneha,29,97,74,5,42,29,13,23,0,4,1,3,16,29,231,16,0,1,0,7,2,3,7,3,999,1103,8493.1,0
1034,Ravi,10,15,64,1,13,9,3,23,8,3,0,3,41,1,122,21,4,0,1,2,0,1,7,3,499,1003,4078.8666666666663,1
1035,Akash,29,15,55,2,20,12,9,20,9,5,1,1,56,33,105,134,3,1,0,5,2,3,4,4,399,831,2908.5,1
1036,Sneha,3,97,13,4,9,8,12,2,5,4,0,2,51,22,118,56,0,2,0,6,1,1,4,5,699,795,3127.0,1
1037,Ritika,17,39,74,0,24,14,14,13,4,5,1,4,85,8,293,100,0,2,0,5,0,1,1,4,999,1111,10850.766666666668,1
1038,Aditi,41,102,3,1,34,12,10,35,7,0,0,2,74,28,139,142,0,0,0,5,0,1,6,1,699,779,3609.366666666667,0
1039,Shreya,34,41,40,5,40,11,6,9,5,0,0,2,77,39,244,71,4,0,1,8,0,1,2,3,999,1527,12419.599999999999,0
1040,arjun,13,13,30,6,40,17,7,13,5,5,0,0,80,0,140,35,0,1,0,2,1,4,7,2,999,1055,4923.333333333334,1
1041,Keerthana,40,74,4,4,44,3,12,36,7,3,0,4,73,37,254,178,3,0,1,6,2,2,6,4,399,855,7239.0,0
1042,Manasa,17,45,70,3,33,11,2,27,6,2,1,3,27,17,359,14,2,1,0,2,0,0,3,4,199,455,5444.833333333333,1
1043,Tejaswi,46,57,145,0,26,1,11,4,1,4,1,2,17,31,145,49,0,3,1,2,2,2,7,3,499,587,2837.1666666666665,0
1044,Sandeep,16,117,5,2,23,22,2,39,6,4,0,1,79,38,329,72,3,1,0,9,1,0,7,2,499,875,9595.833333333334,1
1045,Farah,12,2,113,5,29,2,13,1,0,3,1,0,59,41,345,40,1,2,1,3,2,2,3,1,999,1223,14064.5,1
1046,roshan,0,91,3,1,25,24,8,30,5,5,0,1,26,0,267,74,3,3,1,6,2,3,6,3,499,923,8214.7,1
1047,Rahul,51,21,38,5,26,23,11,15,3,0,0,1,80,21,241,33,4,3,1,2,2,4,7,1,399,967,7768.233333333334,0
1048,Aditya,59,1,44,2,34,9,13,21,6,5,1,1,57,36,302,164,0,2,1,9,2,0,7,5,499,603,6070.2,1
1049,Priya,8,85,164,0,2,15,1,25,7,1,0,2,36,41,332,66,1,2,1,8,1,0,7,2,499,627,6938.8,1
1050,Jyothi,13,12,100,5,29,9,11,38,5,4,1,0,16,18,241,13,3,1,1,7,0,2,6,5,199,647,5197.566666666667,0
1051,Meera,32,69,168,3,40,27,14,31,0,1,0,3,55,1,295,83,2,0,1,8,1,1,1,4,999,1351,13284.833333333334,0
1052,Tarun,59,48,144,6,26,8,3,2,0,1,1,3,47,35,291,72,1,3,0,4,0,2,5,3,699,843,8177.099999999999,0
1053,Farah,2,101,111,6,4,28,12,35,8,3,0,2,73,32,303,52,2,2,1,5,0,2,5,1,199,535,5403.5,0
1054,Rashmi,9,16,100,1,3,15,12,38,0,5,1,0,26,35,360,168,3,2,1,4,2,4,4,3,399,855,10260.0,1
1055,Aryan,54,42,125,6,46,1,10,36,3,0,0,2,36,29,260,139,2,0,0,7,0,0,5,5,499,819,7097.999999999999,0
1056,bhavya,31,14,25,1,33,23,3,20,0,4,1,0,81,4,318,105,2,1,0,1,1,1,1,2,699,963,10207.8,1
1057,Simran,50,30,83,2,48,13,6,39,2,5,0,2,84,10,309,102,0,0,1,2,2,0,5,2,199,247,2544.1000000000004,1
1058,Om,18,27,20,1,13,14,4,12,4,2,0,0,7,22,169,6,4,0,0,9,0,1,6,3,699,1211,6821.966666666667,1
1059,Pavani,24,7,45,1,10,8,12,4,9,3,0,3,1,4,337,59,2,0,0,6,0,1,1,2,199,535,6009.833333333333,0
1060,Rida,8,17,30,2,13,27,11,4,6,1,1,0,89,22,344,35,2,1,1,9,0,4,5,4,199,527,6042.933333333333,1
1061,Vihaan,35,43,176,0,32,19,4,20,2,4,1,4,12,19,220,157,0,1,0,5,1,2,2,1,699,731,5360.666666666666,1
1062,Manish,4,43,167,6,47,9,12,30,3,4,1,2,69,22,36,152,0,2,1,1,2,3,6,5,699,795,954.0,0
1063,Aditi,36,104,150,6,24,12,6,9,3,3,0,1,44,42,283,120,4,3,1,8,1,1,6,5,999,1527,14404.7,0
1064,Jashwanth,32,43,110,4,38,1,2,23,5,2,1,0,77,16,51,91,0,1,0,8,0,1,6,5,199,215,365.5,0
1065,Padma,24,25,87,0,12,8,2,34,5,0,1,3,84,6,53,77,3,3,0,2,2,4,2,4,499,875,1545.8333333333333,1
1066,Deepika,43,11,156,0,41,13,10,25,7,1,0,4,40,22,93,135,2,3,1,1,2,3,5,4,399,719,2228.9,0
1067,Pooja,30,63,7,0,7,18,5,37,7,3,1,3,21,17,340,140,0,1,0,5,1,4,7,2,199,239,2708.666666666667,1
1068,Sowmya,26,84,157,5,35,7,6,24,2,3,0,1,45,7,85,109,2,3,1,1,2,1,0,5,999,1287,3646.5,0
1069,Meera,39,14,166,3,48,25,14,30,7,4,0,4,23,22,248,57,3,2,0,3,2,1,5,3,299,771,6373.6,0
1070,Chandana,44,34,110,3,30,6,1,1,9,0,1,4,26,16,160,69,3,2,1,7,1,1,2,1,399,767,4090.6666666666665,0
1071,Vikram,39,94,82,0,27,2,8,16,3,3,0,0,32,15,280,86,3,0,1,6,2,1,4,3,299,723,6748.0,0
1072,Yamini,14,8,65,3,25,15,5,0,1,4,1,1,51,39,46,55,1,0,0,8,2,1,1,5,699,859,1317.1333333333334,1
1073,Shruti,30,72,72,4,1,12,13,30,3,0,1,0,72,22,91,167,0,3,1,5,2,3,3,2,199,303,919.0999999999999,0
1074,bhavya,44,102,40,1,24,10,14,30,7,5,0,3,21,26,205,45,0,1,0,7,1,1,3,4,199,311,2125.1666666666665,0
1075,Neeraj,28,105,84,5,1,11,3,0,0,1,1,1,68,30,255,75,4,2,1,7,0,4,4,3,999,1503,12775.5,0
1076,Pranav,42,26,161,0,46,14,10,38,8,1,1,0,13,40,270,145,3,0,1,3,2,3,1,2,999,1439,12951.0,1
1077,Krishna,51,94,116,0,48,17,9,35,2,0,1,1,43,14,58,173,4,2,1,2,0,3,5,5,699,1251,2418.6,0
1078,Pavani,7,62,27,4,47,28,8,17,2,0,0,2,36,24,199,31,1,3,0,2,2,0,0,1,699,883,5857.233333333334,1
1079,Noor,46,107,122,6,48,24,5,27,0,4,1,2,18,7,262,142,3,0,1,4,1,4,4,3,199,599,5231.266666666666,0
1080,Tanvi,6,93,98,2,34,9,4,36,7,3,0,1,53,24,36,43,3,3,0,4,2,1,3,5,699,1091,1309.2,0
1081,Atharv,22,57,81,3,6,2,1,26,4,4,0,0,83,14,114,124,4,1,0,4,1,0,2,2,199,687,2610.6,1
1082,Reyansh,30,12,38,6,16,1,8,2,3,5,1,4,64,28,201,157,0,2,1,7,1,1,1,5,299,363,2432.1,1
1083,Anjali,4,55,52,3,0,15,2,28,2,1,0,1,9,32,327,150,3,0,1,9,2,3,7,1,699,1075,11717.5,1
1084,Lakshmi,4,40,128,0,22,26,6,24,5,2,0,0,1,20,338,139,2,1,0,1,2,2,6,4,299,587,6613.533333333334,1
1085,Divya,40,9,125,0,14,24,4,21,8,2,1,4,3,11,95,67,0,2,0,5,1,1,6,1,999,1031,3264.833333333333,1
1086,Dhruv,43,14,28,5,10,20,8,12,1,3,1,0,25,14,50,10,3,2,1,1,1,3,7,3,399,823,1371.6666666666667,0
1087,Pranav,46,36,175,0,2,24,8,20,6,1,1,1,8,21,58,92,3,3,0,4,0,3,1,4,399,823,1591.1333333333334,0
1088,priya,18,60,169,2,9,17,14,21,7,1,1,4,33,1,68,43,4,2,0,7,2,3,3,3,399,991,2246.2666666666664,1
1089,Ayaan,8,53,153,1,40,13,14,1,1,3,1,0,20,20,298,39,0,3,0,6,1,1,3,2,399,511,5075.933333333333,1
1090,Preeti,27,90,64,3,41,4,3,17,0,4,1,0,51,39,251,31,4,3,0,5,2,4,4,3,299,803,6718.433333333333,1
1091,muzammil,12,118,133,1,13,19,12,20,4,0,0,3,19,15,124,173,3,2,0,1,1,0,1,4,199,655,2707.3333333333335,0
1092,Anjali,10,10,43,1,44,27,9,8,7,4,0,0,52,18,224,95,0,3,1,6,1,3,5,3,199,271,2023.4666666666667,1
1093,veer,39,54,33,0,6,19,6,26,1,5,1,4,64,36,264,6,0,2,1,8,2,1,5,5,999,1047,9213.6,1
1094,Shreya,46,75,86,4,9,24,4,26,3,2,0,1,57,37,228,67,2,1,1,1,1,0,3,2,499,771,5859.599999999999,0
1095,arjun,10,1,90,2,2,6,14,39,8,2,1,0,0,29,282,10,0,2,0,5,0,0,7,1,499,611,5743.400000000001,1
1096,Arjun,9,114,84,3,13,10,1,0,5,3,0,4,47,33,120,118,0,0,1,1,2,0,6,2,999,1007,4028.0,1
1097,Yashwanth,39,112,22,3,30,15,7,1,9,3,1,1,9,34,145,87,4,0,0,7,1,0,6,2,399,935,4519.166666666666,1
1098,Harini,50,68,119,3,39,19,1,1,7,3,0,2,12,18,307,157,1,3,1,2,2,0,2,1,999,1127,11532.966666666665,1
1099,Sarika,22,15,151,0,35,28,12,39,5,2,1,0,21,28,227,48,3,3,0,5,0,2,2,1,699,1155,8739.5,0
1100,Aditya,21,11,133,2,0,8,9,9,4,0,1,4,61,12,320,46,4,1,1,7,1,3,7,1,999,1551,16544.0,0
1101,Ankit,15,26,1,0,48,25,6,29,3,3,0,2,79,35,308,41,3,0,0,4,1,3,3,5,299,707,7258.533333333334,1
1102,Ritika,14,6,5,3,43,20,13,4,9,0,1,3,44,31,310,134,4,3,0,5,0,1,6,3,499,1083,11191.0,1
1103,Sravya,51,74,161,1,36,18,9,24,6,0,0,2,48,33,188,54,3,0,0,7,2,4,7,4,399,831,5207.6,0
1104,Yashwanth,42,108,156,2,3,27,7,1,1,5,1,0,0,15,189,84,3,1,0,9,2,3,1,2,199,615,3874.5,1
1105,Arnav,45,59,42,5,19,19,13,21,4,3,0,0,21,0,235,158,0,1,0,3,2,0,2,4,699,803,6290.166666666666,1
1106,Madhuri,22,30,60,4,29,23,6,25,9,4,1,4,51,29,197,173,4,1,1,8,2,3,0,5,299,827,5430.633333333333,1
1107,Varun,5,58,142,5,15,3,5,31,4,2,1,0,34,25,53,89,0,0,0,9,0,3,3,1,999,1039,1835.5666666666666,0
1108,muzammil,16,49,50,3,49,4,4,39,8,3,1,1,71,20,196,123,3,0,0,8,0,0,4,5,499,891,5821.2,0
1109,priya,26,55,177,4,6,2,7,28,6,5,1,0,11,32,172,56,2,1,1,3,2,2,6,2,999,1295,7424.666666666667,0
1110,Varun,38,7,144,5,38,0,7,28,4,0,1,4,30,9,339,161,4,2,1,3,2,3,4,4,399,935,10565.5,0
1111,Bhavya,31,111,18,1,8,0,12,19,8,2,1,1,82,12,289,88,2,0,0,9,1,3,1,3,399,735,7080.5,0
1112,Tejaswi,18,67,159,2,29,23,14,18,6,2,0,3,77,36,128,128,4,0,0,8,0,0,0,4,199,791,3374.9333333333334,0
1113,Arnav,48,107,9,2,5,1,7,4,8,3,1,4,45,3,301,12,4,1,0,5,1,3,0,5,999,1535,15401.166666666666,0
1114,Divya,49,97,94,0,15,28,13,20,0,2,0,4,55,40,298,10,2,0,1,1,0,4,0,2,199,543,5393.8,0
1115,Aarav,14,8,15,6,22,10,13,13,0,2,1,3,57,19,278,148,1,1,1,9,1,2,5,2,199,423,3919.8,1
1116,Arjun,41,65,135,2,7,4,4,34,6,2,0,4,5,21,245,141,4,3,1,4,1,0,6,5,399,911,7439.833333333333,0
1117,Priya,56,23,45,6,21,25,9,20,7,4,1,0,78,20,253,62,1,1,0,2,2,0,7,3,199,391,3297.4333333333334,0
1118,muzammil,9,113,28,1,49,16,1,19,1,4,0,4,19,12,175,164,1,3,0,8,0,0,2,3,299,427,2490.833333333333,1
1119,Aditya,35,16,143,0,42,27,4,14,4,4,1,0,18,2,343,38,4,1,1,3,2,3,2,1,999,1511,17275.766666666666,1
1120,Sonali,44,17,95,3,38,5,11,10,3,3,0,4,31,24,296,105,2,2,1,5,1,2,0,1,299,627,6186.400000000001,1
1121,Nandini,44,50,95,4,44,22,2,4,3,4,0,2,67,32,109,177,3,1,0,1,2,3,7,2,499,875,3179.1666666666665,1
1122,Kabir,50,26,8,0,43,2,8,11,6,2,0,3,41,2,331,86,1,3,0,4,0,4,3,5,999,1183,13052.433333333332,1
1123,Kunal,17,48,148,6,39,24,1,6,9,5,1,4,64,2,354,19,4,3,1,3,2,4,7,2,499,987,11646.6,1
1124,Vihaan,6,48,45,4,35,24,3,29,9,5,1,0,21,2,301,105,3,0,0,1,1,4,6,4,299,683,6852.766666666666,1
1125,Sai,13,91,1,5,31,5,13,13,1,3,1,3,15,25,296,95,0,1,1,8,2,3,4,1,699,803,7922.933333333333,1
1126,Rahul,48,20,19,5,40,22,6,19,0,1,0,3,41,40,190,120,4,0,1,3,2,3,6,3,999,1527,9671.0,0
1127,Farah,12,19,169,6,29,17,12,34,1,4,1,1,8,17,139,97,3,0,0,7,1,0,3,4,499,955,4424.833333333334,0
1128,Deepika,42,10,31,3,18,13,4,12,5,5,1,0,68,9,220,139,4,2,1,2,1,2,0,1,499,1011,7414.0,1
1129,Sravya,5,89,155,1,10,0,10,35,8,2,1,2,3,27,198,165,2,1,0,3,2,4,1,3,199,519,3425.3999999999996,1
1130,Kabir,28,34,129,2,43,15,10,7,6,0,1,0,41,5,255,115,1,0,0,7,1,3,3,2,499,699,5941.5,1
1131,Sneha,8,55,138,0,26,4,7,32,8,2,0,2,65,17,59,169,4,2,1,4,0,4,3,5,499,1035,2035.5,1
1132,Shruti,1,17,161,5,14,12,10,25,2,4,0,1,75,2,339,11,0,2,0,8,2,1,1,4,399,479,5412.700000000001,1
1133,Rashmi,21,31,75,5,14,26,9,39,7,3,1,0,46,13,250,26,2,0,0,9,0,3,0,5,499,811,6758.333333333334,0
1134,Keerthi,51,8,59,2,16,11,7,11,1,5,1,2,46,20,67,5,4,0,0,6,0,1,2,3,299,835,1864.8333333333335,0
1135,Muskan,29,35,39,0,25,5,12,6,5,0,1,3,31,10,273,173,0,1,1,8,2,2,4,5,499,595,5414.5,1
1136,Nikhil,10,45,130,6,30,9,7,2,8,4,1,3,86,17,307,177,4,2,1,7,2,1,6,3,399,935,9568.166666666666,1
1137,bhavya,35,110,174,6,14,27,11,37,0,3,0,3,68,20,324,9,3,1,1,4,2,0,2,2,999,1447,15627.6,1
1138,Manish,59,19,120,4,16,8,7,25,3,1,0,1,19,17,256,167,1,1,1,8,0,4,1,2,999,1175,10026.666666666666,0
1139,Tanvi,38,83,68,3,5,13,1,15,7,5,1,0,41,5,290,33,4,1,1,7,2,4,6,2,199,687,6641.0,1
1140,Maira,51,26,102,1,20,1,8,9,0,4,1,4,36,20,202,153,3,1,0,8,1,2,3,3,499,923,6214.866666666667,1
1141,Ishaan,47,115,1,4,32,8,11,14,6,5,1,1,84,20,108,73,1,3,1,5,1,2,5,3,399,607,2185.2000000000003,0
1142,Anusha,42,105,140,3,15,25,5,31,0,4,1,0,47,28,337,167,2,2,1,9,2,1,5,1,999,1279,14367.433333333332,1
1143,Vihaan,12,62,37,4,24,12,3,14,8,4,0,4,36,3,33,164,3,3,1,2,1,1,6,3,999,1383,1521.3000000000002,0
1144,Farah,34,71,56,2,21,1,6,26,0,1,1,0,43,2,337,26,4,2,0,9,1,3,1,3,999,1527,17153.3,1
1145,Om,43,26,9,5,27,1,2,4,4,4,0,0,27,11,228,133,0,0,1,1,2,1,7,3,299,315,2394.0,1
1146,Keerthana,57,68,174,0,30,11,14,10,0,1,0,1,88,22,330,5,4,2,0,6,2,0,1,5,399,991,10901.0,0
1147,Shaurya,36,83,124,4,11,1,8,34,9,5,1,4,62,7,177,17,1,0,0,1,2,1,5,5,199,383,2259.7000000000003,0
1148,Navya,29,71,49,5,37,19,1,5,7,5,0,3,68,15,302,170,4,2,0,4,1,3,6,3,499,987,9935.8,1
1149,Sarika,12,14,95,6,36,22,9,11,5,2,0,3,8,42,89,51,0,3,1,7,2,1,6,2,399,471,1397.3,0
1150,Chandana,59,43,54,4,6,2,4,13,5,5,1,0,72,12,187,25,0,0,0,3,1,4,2,5,299,331,2063.2333333333336,0
1151,Abhishek,28,81,144,5,0,17,5,10,2,1,0,0,58,1,154,173,3,2,1,9,0,1,2,4,999,1399,7181.533333333334,0
1152,Varun,56,77,171,1,48,20,13,29,3,3,1,1,59,18,364,2,3,2,0,3,2,4,2,4,199,663,8044.4,0
1153,Chandana,19,68,8,5,7,4,7,39,6,3,0,0,79,36,90,115,0,1,0,8,1,4,4,2,199,255,765.0,1
1154,Manish,1,59,13,1,0,16,5,16,9,2,0,1,53,40,331,43,2,1,0,5,2,0,3,3,299,579,6388.3,1
1155,Harsh,51,119,51,0,48,21,8,38,7,1,0,1,87,12,251,12,2,3,0,1,0,1,7,1,399,703,5881.766666666667,0
1156,Karthik,41,102,56,0,2,14,1,0,0,2,1,4,41,15,172,101,3,1,1,5,2,2,2,1,699,1067,6117.466666666667,1
1157,Sonali,13,37,127,6,31,2,2,14,1,5,0,4,79,40,319,49,0,3,0,7,0,4,0,1,499,515,5476.166666666666,1
1158,Ankit,41,8,107,1,4,13,8,1,7,5,1,0,26,40,71,156,0,3,0,8,2,1,5,5,699,763,1805.7666666666667,1
1159,arjun,1,67,124,1,41,12,6,37,8,4,1,1,65,20,221,5,4,0,0,2,1,0,0,3,199,727,5355.566666666667,0
1160,Keerthana,15,70,93,0,46,5,3,36,2,0,1,0,56,31,268,8,4,3,0,9,2,2,7,3,199,703,6280.133333333333,1
1161,Anjali,10,109,15,5,6,12,9,37,2,5,1,3,45,29,203,73,0,2,1,3,2,1,0,4,299,371,2510.4333333333334,1
1162,Lakshmi,27,77,85,1,0,29,2,3,5,2,0,1,81,17,47,102,3,3,0,1,1,4,6,4,199,575,900.8333333333334,1
1163,Lakshmi,20,13,64,4,20,27,7,8,3,3,1,1,37,20,303,24,3,2,0,6,0,1,0,3,299,715,7221.5,1
1164,Sowmya,37,51,177,2,10,27,1,15,8,5,1,1,73,39,173,124,2,2,0,2,1,2,3,3,499,747,4307.7,0
1165,Komal,14,68,55,1,46,17,14,35,5,3,1,3,59,37,292,39,3,0,0,4,0,3,1,5,399,871,8477.733333333332,1
1166,Keerthana,51,11,179,2,41,29,5,18,4,2,1,0,74,28,231,16,0,0,0,2,1,1,5,4,999,1039,8000.3,0
1167,Rida,46,14,157,0,14,28,14,27,1,4,0,3,14,32,312,26,1,1,1,7,1,1,3,1,499,731,7602.400000000001,1
1168,Pooja,26,2,135,0,17,1,2,13,7,3,1,4,43,12,341,32,2,2,1,4,1,3,2,5,499,755,8581.833333333334,1
1169,Ayesha,13,37,128,3,1,21,1,14,0,0,0,3,16,15,123,73,0,2,1,5,1,0,4,1,399,407,1668.6999999999998,0
1170,Shruti,21,27,173,6,7,15,2,5,0,2,0,3,14,38,52,131,1,1,1,3,0,3,6,5,399,535,927.3333333333334,0
1171,Rida,53,47,146,2,6,13,4,9,4,0,1,0,87,31,129,119,4,2,1,4,1,0,0,2,199,711,3057.2999999999997,0
1172,Riya,43,98,69,3,1,14,1,24,5,5,1,2,1,26,297,31,4,1,1,9,0,2,4,2,999,1487,14721.300000000001,1
1173,Anjali,9,82,83,4,39,19,5,17,4,0,0,3,60,32,154,121,0,1,0,6,2,4,7,3,299,339,1740.2,1
1174,Neeraj,58,63,27,1,33,21,12,9,5,5,1,1,73,25,156,153,3,2,1,4,1,4,0,4,999,1455,7566.0,0
1175,Navya,26,42,11,6,46,2,3,11,8,1,1,0,22,30,277,49,0,0,1,5,1,0,4,1,699,723,6675.7,0
1176,Ishita,7,111,78,4,41,5,8,18,8,0,0,2,70,41,118,29,3,3,0,4,1,1,1,2,199,623,2450.4666666666667,0
1177,Divya,59,39,175,2,23,18,10,16,8,4,0,2,50,22,348,87,0,2,0,4,2,1,4,3,199,279,3236.4,1
1178,Deepak,43,14,26,1,49,21,6,24,9,0,0,2,43,26,56,100,0,3,0,3,0,2,2,2,699,747,1394.4,1
1179,Ishaan,11,109,120,6,33,10,13,34,5,4,1,2,66,44,109,126,3,3,1,6,0,2,4,5,199,663,2408.9,0
1180,Deepak,41,106,29,3,44,28,14,35,1,2,1,0,83,36,253,28,4,2,0,7,2,0,7,4,199,791,6670.766666666666,0
1181,bhavya,56,16,37,0,44,28,8,26,1,4,0,0,23,42,63,153,1,2,1,7,1,3,4,1,999,1183,2484.3,1
1182,Hema,24,90,86,3,6,28,6,17,9,0,0,3,10,22,86,51,2,3,1,5,2,0,5,5,999,1287,3689.4,0
1183,Reyansh,45,36,177,2,29,16,7,8,8,1,0,1,16,4,325,178,1,2,0,3,2,1,6,3,999,1175,12729.166666666668,0
1184,Jashwanth,14,46,22,6,6,20,13,24,5,5,0,1,66,15,312,139,2,0,1,4,2,0,5,3,199,543,5647.2,1
1185,Vikram,30,73,146,1,14,6,2,1,0,3,0,4,21,17,32,55,1,1,1,5,0,4,4,4,299,435,464.0,0
1186,Ishaan,1,53,176,2,27,27,11,21,2,5,0,2,38,6,309,17,4,0,1,5,0,0,1,5,499,1067,10990.1,0
1187,Keerthana,20,7,24,3,28,19,7,26,4,1,0,4,66,27,268,102,4,0,1,9,1,4,7,1,299,835,7459.333333333334,0
1188,rohan,33,63,162,5,16,13,5,7,4,5,0,0,50,35,84,158,2,0,1,5,1,4,1,5,399,679,1901.1999999999998,0
1189,Kunal,43,11,120,2,23,7,4,36,3,3,1,1,46,31,217,84,2,0,0,2,2,0,4,3,699,971,7023.566666666667,1
1190,Hema,44,85,120,2,30,25,14,8,2,5,0,2,56,43,251,159,1,0,0,3,1,4,4,4,299,531,4442.7,1
1191,muzammil,50,48,100,4,21,10,13,12,9,3,0,3,18,21,308,145,2,1,1,1,0,3,7,5,699,1043,10708.133333333335,0
1192,ShivaPrasad,24,100,109,3,21,25,9,36,6,0,1,2,10,28,171,35,4,2,0,2,2,2,0,4,199,751,4280.7,0
1193,Vihaan,57,29,52,2,19,5,5,11,7,5,0,2,73,5,170,49,4,1,1,6,0,3,1,1,399,919,5207.666666666667,1
1194,Harini,25,113,169,3,37,8,1,0,5,1,0,3,10,23,362,171,4,0,1,3,2,0,6,1,199,687,8289.8,0
1195,Ayaan,20,75,72,4,6,12,14,36,2,3,0,3,79,17,348,17,1,3,0,1,2,3,2,5,299,531,6159.599999999999,1
1196,Vivaan,36,29,25,4,6,1,5,0,1,3,0,1,51,13,330,1,0,0,1,6,1,0,5,3,499,539,5929.0,0
1197,Bhavya,26,27,4,4,13,25,5,21,0,3,1,3,64,11,190,53,4,0,0,4,0,0,7,5,199,719,4553.666666666666,0
1198,Lakshmi,52,117,158,5,1,19,9,6,7,2,1,0,19,41,108,155,4,2,1,4,0,4,1,1,499,1051,3783.6,0
1199,Kabir,42,8,112,2,33,13,4,28,4,0,0,2,56,27,170,154,0,3,0,4,1,4,6,3,499,531,3009.0,1
1200,Kunal,51,35,50,2,42,22,6,33,8,2,1,2,41,36,121,140,3,2,1,7,0,3,0,5,399,807,3254.9,0
1201,Shaurya,48,24,109,5,7,12,6,6,5,1,0,4,65,5,201,133,0,2,0,9,2,1,1,1,999,1047,7014.900000000001,0
1202,Rudra,47,49,149,0,18,13,14,36,5,5,1,3,24,19,286,17,2,1,1,2,1,3,5,2,199,551,5252.866666666667,0
1203,Chandana,20,100,138,2,43,13,8,34,4,5,0,1,45,35,49,109,0,3,0,5,2,1,6,1,499,563,919.5666666666666,1
1204,Sana,30,105,108,1,34,11,12,16,8,2,1,1,83,5,101,16,3,3,1,4,0,4,3,2,299,755,2541.8333333333335,0
1205,Dhruv,21,67,122,5,22,5,1,37,7,1,1,4,65,2,265,167,4,3,1,3,2,0,0,1,999,1487,13135.166666666668,1
1206,Neeraj,8,90,83,5,42,16,6,15,3,2,0,3,29,41,122,130,0,0,0,2,1,0,1,4,399,447,1817.8,1
1207,Krishna,56,105,24,5,46,1,4,20,0,0,1,3,77,31,188,6,3,2,1,4,1,1,7,3,699,1091,6836.933333333333,0
1208,Abhishek,14,45,80,4,36,3,2,19,0,0,1,0,72,2,195,155,0,1,1,9,0,4,4,2,199,215,1397.5,1
1209,Pavani,2,35,53,4,6,29,2,30,6,4,0,3,54,6,212,22,4,2,1,1,0,3,4,1,199,695,4911.333333333333,1
1210,Pranav,15,80,74,4,11,23,12,37,9,2,0,3,28,16,190,5,3,1,0,8,1,1,4,1,999,1455,9215.0,1
1211,Aditya,43,103,71,2,34,13,9,17,4,5,1,0,15,42,251,3,0,1,0,6,1,0,7,3,399,471,3940.7000000000003,0
1212,Pavani,25,103,130,4,15,18,10,37,5,3,1,1,79,9,364,98,1,0,0,1,1,2,3,3,699,899,10907.866666666667,0
1213,Rudra,16,95,144,0,15,22,1,5,6,2,0,0,28,18,353,13,4,1,0,5,2,1,5,1,999,1487,17497.033333333333,1
1214,Ayaan,39,52,163,4,25,7,4,27,6,2,0,3,81,17,98,106,1,2,1,8,1,0,1,5,399,551,1799.9333333333334,0
1215,Ayaan,42,9,82,5,36,15,14,16,6,4,0,4,41,24,307,179,4,2,1,9,0,4,5,2,299,891,9117.9,1
1216,Ishaan,54,1,116,5,5,4,1,6,4,1,0,0,1,17,94,134,2,1,0,1,2,2,3,5,699,947,2967.2666666666664,0
1217,Madhuri,16,13,144,4,35,9,2,35,5,0,1,0,27,41,274,151,2,2,1,6,0,4,3,4,499,755,6895.666666666666,1
1218,roshan,17,74,146,4,6,14,5,15,0,0,0,4,37,16,106,126,0,3,1,5,0,1,1,3,499,539,1904.4666666666667,0
1219,Sandeep,40,4,126,2,2,10,10,30,3,5,0,3,66,38,180,143,2,1,1,9,1,0,1,2,999,1319,7914.0,0
1220,Madhuri,19,78,95,6,23,8,5,3,1,2,1,3,15,9,314,100,1,3,1,2,1,1,7,4,699,859,8990.866666666667,0
1221,Sakshi,17,42,160,0,11,13,13,8,3,0,0,4,63,11,249,17,1,1,0,8,0,2,6,5,499,723,6000.900000000001,0
1222,Arjun,14,17,38,4,13,6,7,20,8,4,1,2,27,20,124,166,4,2,1,7,0,1,0,2,999,1535,6344.666666666667,1
1223,Priya,35,31,46,1,13,6,14,27,6,4,1,3,17,42,207,61,2,1,0,4,1,2,4,3,299,651,4491.900000000001,1
1224,Sana,51,57,89,6,33,18,5,39,9,3,0,2,3,33,343,39,3,3,1,9,2,3,0,5,999,1399,15995.233333333334,0
1225,Alisha,34,33,142,1,43,1,13,10,7,0,1,0,15,3,77,114,2,0,1,2,1,1,5,3,299,643,1650.3666666666668,0
1226,Kabir,45,12,134,4,11,23,6,33,0,0,0,1,40,2,159,8,4,0,0,7,0,4,5,3,499,1027,5443.099999999999,0
1227,roshan,26,79,137,0,37,16,1,14,2,4,0,2,54,35,353,168,4,3,0,2,2,4,7,4,299,787,9260.366666666667,1
1228,Siddharth,22,87,49,2,11,20,11,3,3,3,0,2,68,24,85,100,3,2,1,4,1,1,1,3,499,947,2683.166666666667,1
1229,Payal,50,99,73,6,19,23,10,4,7,3,1,1,78,42,334,61,4,0,0,3,1,0,1,1,699,1259,14016.866666666667,0
1230,Akash,51,98,59,5,21,1,13,33,3,5,0,2,2,20,175,22,2,1,0,8,0,4,0,1,199,543,3167.5,0
1231,Keerthana,56,90,135,6,44,4,3,4,9,3,1,1,77,25,47,87,2,1,1,2,2,3,6,1,199,463,725.3666666666667,0
1232,Reyansh,13,116,153,5,24,29,14,39,0,3,1,0,12,15,257,81,4,0,1,4,1,0,3,5,499,1091,9346.233333333334,0
1233,Maira,26,113,57,5,44,6,13,32,7,4,0,0,0,12,212,95,2,3,0,7,2,1,4,1,199,543,3837.2,1
1234,Keerthi,52,1,172,6,29,22,8,1,3,1,0,0,4,43,113,21,0,1,0,9,0,0,0,3,199,263,990.6333333333333,0
1235,Yamini,2,71,7,1,17,25,12,5,0,5,0,1,83,2,80,27,0,0,0,9,0,2,7,1,999,1095,2920.0,1
1236,Kavya,20,70,167,5,15,22,4,6,5,2,0,0,48,24,241,120,0,2,1,4,2,1,6,4,199,231,1855.7,0
1237,Vivaan,7,37,52,3,31,25,13,3,5,0,1,4,46,29,346,52,1,0,1,4,2,3,5,1,399,623,7185.266666666666,1
1238,Kabir,38,85,88,3,38,13,9,12,3,3,1,1,79,32,157,35,3,2,1,1,2,1,4,4,199,631,3302.2333333333336,0
1239,Vikram,41,33,177,3,25,2,9,33,9,2,1,2,82,33,35,141,1,0,1,6,0,2,6,1,199,391,456.1666666666667,0
1240,Farah,34,102,71,0,24,3,13,5,6,0,0,4,6,1,349,33,4,0,0,8,0,3,1,4,699,1283,14925.566666666666,0
1241,Swati,48,33,153,0,1,16,12,26,6,3,1,0,87,32,49,132,3,2,1,9,1,4,3,4,999,1455,2376.5,0
1242,Simran,35,115,4,2,10,16,6,16,9,2,1,2,28,31,338,122,2,1,1,4,0,3,6,1,399,687,7740.200000000001,1
1243,Simran,33,49,70,6,30,28,9,16,6,5,1,0,81,37,69,89,3,0,1,5,0,2,6,1,299,731,1681.3,0
1244,Lakshmi,51,93,68,0,1,10,14,26,6,4,0,0,39,30,235,162,4,2,1,6,0,4,4,3,199,791,6196.166666666666,0
1245,Amit,52,60,16,1,18,24,9,9,6,3,0,0,85,16,116,102,4,0,1,2,0,2,4,5,399,951,3677.2,0
1246,Pavani,11,47,49,5,19,24,7,12,3,1,0,2,18,8,62,99,4,3,1,7,2,3,2,4,699,1235,2552.3333333333335,1
1247,Dhruv,21,2,99,0,37,20,3,24,3,2,1,4,50,6,262,28,0,1,1,1,0,0,0,3,499,523,4567.533333333333,1
1248,Karthik,37,60,149,1,47,13,13,19,1,3,0,4,85,26,85,4,2,1,1,9,2,2,7,2,199,543,1538.5,0
1249,Dhruv,13,73,100,1,44,9,10,23,3,3,0,4,77,2,167,173,1,2,1,7,2,0,2,3,699,899,5004.433333333333,1
1250,Muskan,7,106,76,5,32,6,7,20,7,0,0,3,71,41,127,99,4,3,1,4,0,2,5,2,199,735,3111.5,0
1251,Ankit,57,33,162,4,31,13,8,1,4,0,1,2,4,20,142,143,1,0,1,2,2,2,1,3,499,683,3232.866666666667,1
1252,Jyothi,21,18,44,1,41,5,1,11,7,0,0,4,63,10,177,170,0,2,1,6,2,4,4,5,699,707,4171.3,1
1253,Rashmi,16,69,13,3,46,13,9,20,7,2,0,2,57,14,163,151,0,2,1,9,0,0,3,5,999,1071,5819.1,0
1254,sneha,23,88,154,4,29,17,7,37,3,3,1,3,0,18,179,160,1,3,0,3,0,3,4,4,999,1175,7010.833333333333,0
1255,Vivaan,55,92,125,3,5,2,6,12,8,4,0,4,51,43,170,3,2,1,1,8,1,2,3,5,299,587,3326.3333333333335,0
1256,Isha,44,116,88,2,6,21,12,25,3,3,0,2,84,10,350,123,2,1,0,4,2,0,1,2,999,1335,15575.0,0
1257,Lakshmi,57,31,54,4,33,16,13,37,5,2,1,4,15,33,88,172,3,0,0,2,1,2,1,3,299,763,2238.133333333333,0
1258,Manasa,35,24,90,4,26,17,3,21,9,5,1,4,11,21,130,55,1,2,0,3,0,4,0,3,299,443,1919.6666666666665,1
1259,Simran,44,112,145,2,35,15,12,31,3,3,1,0,48,1,100,173,0,0,1,1,1,4,4,3,199,295,983.3333333333334,1
1260,Ankit,57,72,93,0,44,26,1,27,8,5,1,4,63,36,178,104,0,0,0,3,2,1,5,1,199,207,1228.2,1
1261,Ayaan,21,92,138,0,35,20,8,17,8,3,1,0,28,20,319,57,1,1,0,7,1,0,3,2,199,383,4072.5666666666666,1
1262,Yashwanth,58,19,50,2,6,18,2,3,6,4,0,2,63,33,76,136,3,3,1,8,1,0,5,3,399,775,1963.3333333333333,0
1263,Tarun,52,57,6,5,29,8,6,20,0,4,0,3,39,1,353,120,3,3,1,7,2,4,2,3,999,1407,16555.7,1
1264,Ayesha,44,63,16,3,30,25,3,23,2,1,1,0,1,28,206,35,3,0,0,1,1,3,5,3,499,883,6063.266666666666,0
1265,Harsh,6,27,107,3,46,18,12,18,9,3,0,0,60,31,228,8,4,1,1,9,2,0,5,5,299,875,6650.0,0
1266,Sana,16,80,148,0,9,23,8,6,5,2,1,3,13,3,352,134,3,2,1,2,2,3,4,3,199,623,7309.866666666666,1
1267,sneha,46,93,103,5,25,26,11,10,8,4,0,4,20,24,255,69,0,2,0,6,2,3,5,1,199,287,2439.5,0
1268,Nisha,22,1,131,4,1,19,8,38,0,3,0,2,12,36,216,160,2,2,1,3,0,0,4,5,399,703,5061.6,1
1269,Ayesha,33,95,16,1,45,2,2,5,3,2,1,4,60,0,157,51,0,3,0,6,2,1,5,4,399,415,2171.8333333333335,1
1270,Tanvi,24,12,162,2,7,20,4,17,7,4,0,4,54,42,150,69,0,3,0,2,0,4,2,2,699,731,3655.0,1
1271,Nikhil,18,115,28,4,16,14,8,13,1,3,0,1,35,23,60,57,4,0,1,5,1,4,5,5,299,843,1686.0,0
1272,Sandeep,7,78,68,5,47,15,13,32,3,1,1,0,55,16,247,177,2,3,1,4,1,4,4,5,999,1343,11057.366666666665,0
1273,Kunal,38,110,76,0,12,7,6,34,1,0,0,3,57,34,198,16,1,0,0,9,1,4,2,5,199,367,2422.2,0
1274,Keerthi,44,59,6,2,19,23,9,26,0,5,0,3,1,20,239,12,4,1,0,7,0,0,2,2,199,751,5982.966666666667,1
1275,Amit,14,62,145,1,34,28,5,1,8,0,1,4,14,17,346,7,2,1,1,4,1,1,4,2,399,679,7831.133333333333,0
1276,Zoya,49,46,33,6,10,18,1,18,9,1,0,4,89,5,125,178,0,2,1,6,1,0,6,4,399,407,1695.8333333333335,1
1277,Sarika,57,107,121,0,37,24,12,8,9,0,1,4,60,6,319,78,0,1,1,2,1,0,2,2,199,295,3136.833333333333,0
1278,Om,30,38,176,2,36,22,3,7,2,3,1,4,16,43,257,159,3,2,1,6,0,3,5,4,999,1383,11847.699999999999,1
1279,Yashwanth,24,44,70,5,35,17,6,18,3,4,1,3,3,35,288,173,2,0,0,3,1,4,4,3,399,687,6595.2,1
1280,sneha,0,28,66,3,20,11,3,5,2,0,0,2,51,22,356,136,0,0,0,9,0,2,0,5,999,1023,12139.6,1
1281,Arnav,33,97,152,1,37,16,9,13,0,2,0,2,3,0,231,118,3,1,0,9,2,3,5,4,999,1431,11018.7,0
1282,Shruti,40,70,149,2,2,10,5,24,8,4,1,2,51,8,291,94,2,3,1,6,2,0,3,5,499,779,7556.299999999999,0
1283,ShivaPrasad,25,100,4,1,27,4,12,9,2,3,1,1,30,16,202,154,4,3,1,6,2,4,5,4,399,975,6565.0,1
1284,Noor,53,88,150,3,11,15,12,28,7,0,1,1,43,30,192,30,4,0,0,1,2,4,3,4,699,1275,8160.0,0
1285,Anjali,23,109,29,2,6,20,1,24,8,0,0,3,23,0,46,116,4,0,0,1,1,0,5,5,699,1187,1820.0666666666668,0
1286,Manish,2,53,13,6,8,28,13,3,7,2,1,1,37,11,168,121,2,1,0,8,1,2,7,2,199,543,3040.7999999999997,1
1287,Arjun,58,16,64,6,42,9,1,20,7,0,0,4,45,33,156,150,0,0,0,1,2,0,4,5,699,707,3676.4,0
1288,Dhruv,33,71,8,1,10,0,4,23,9,5,0,2,20,14,74,174,3,1,1,2,1,3,7,1,299,691,1704.4666666666667,1
1289,Amrutha,16,106,72,6,14,27,13,24,6,1,1,2,3,27,203,134,3,2,1,9,2,3,3,3,999,1463,9899.633333333333,0
1290,Alisha,50,68,121,2,24,17,3,4,7,1,1,0,27,35,298,70,2,0,1,5,1,0,6,3,399,663,6585.8,0
1291,Ritika,32,98,38,1,39,8,2,26,4,2,1,1,75,21,56,37,0,3,0,3,1,1,6,5,399,415,774.6666666666666,0
1292,Om,30,14,47,1,41,8,6,25,4,0,1,3,19,14,136,159,1,2,1,7,0,2,0,4,299,467,2117.0666666666666,1
1293,Anjali,33,68,140,0,16,29,7,27,7,5,1,3,52,1,45,116,0,2,1,9,1,0,2,4,299,355,532.5,1
1294,Kabir,56,80,69,4,48,25,8,20,5,3,0,0,50,25,86,0,0,0,0,4,1,0,3,5,699,763,2187.266666666667,0
1295,Vihaan,17,83,106,3,17,21,6,12,6,0,0,2,67,4,343,35,2,1,1,9,1,4,3,3,499,787,8998.033333333333,0
1296,Lakshmi,33,38,158,2,42,6,10,17,9,4,0,2,89,31,216,102,3,0,0,6,1,4,5,4,499,939,6760.8,1
1297,Varun,30,3,179,0,37,1,2,25,5,4,0,1,14,27,226,26,0,0,0,2,0,3,1,3,699,715,5386.333333333333,1
1298,Riya,51,65,168,0,8,0,14,17,2,1,0,4,33,23,252,161,2,3,0,2,1,3,0,2,499,851,7148.400000000001,1
1299,Sarika,42,28,139,4,35,18,2,14,3,0,1,2,5,12,84,26,1,2,1,9,0,3,6,3,399,535,1498.0,0
1300,Khushi,35,68,62,2,33,28,8,39,4,2,0,0,65,37,137,54,1,3,1,2,1,2,4,2,699,883,4032.3666666666663,0
1301,Bhavya,2,84,103,4,45,8,6,39,2,0,0,1,48,8,305,29,1,3,0,5,2,2,1,5,999,1167,11864.5,0
1302,Karthik,56,24,164,2,5,27,13,23,0,1,0,1,13,33,60,91,2,2,0,8,2,4,0,4,299,643,1286.0,1
1303,Noor,5,64,104,1,45,28,10,17,4,0,1,3,58,13,144,118,2,2,1,3,0,4,0,3,699,1019,4891.2,1
1304,Madhuri,2,88,21,2,36,1,5,2,8,1,0,3,24,31,343,124,0,1,1,9,0,3,3,4,199,239,2732.5666666666666,1
1305,Aditya,33,65,95,0,24,26,12,27,9,3,0,3,56,40,252,141,0,2,0,8,2,2,4,1,299,395,3318.0,1
1306,Aditi,47,61,114,3,24,22,12,24,5,0,1,3,58,41,272,76,0,0,0,7,1,0,1,3,299,395,3581.333333333333,0
1307,Arnav,16,62,81,2,20,14,6,3,9,2,1,4,48,22,303,58,2,1,0,7,0,0,3,5,299,587,5928.7,1
1308,Simran,52,3,175,5,28,21,3,39,5,1,0,4,67,10,206,151,3,3,0,3,0,1,3,2,999,1383,9496.599999999999,1
1309,Lakshmi,28,18,155,3,31,11,13,10,0,5,1,0,80,10,113,88,1,2,0,1,0,0,2,4,999,1223,4606.633333333333,0
1310,Sana,49,115,84,1,16,0,3,27,9,2,0,0,11,44,346,90,3,3,1,9,1,0,6,4,299,683,7877.266666666666,0
1311,Keerthi,15,105,138,4,40,29,2,7,4,4,1,1,39,29,108,70,2,1,0,2,0,0,4,2,199,455,1638.0,0
1312,Karthik,4,61,69,6,42,11,6,16,3,5,1,1,53,1,141,160,3,1,0,6,1,4,3,2,499,907,4262.900000000001,1
1313,Ayesha,25,69,89,1,37,0,2,25,5,4,1,0,70,16,178,108,4,2,1,8,2,0,4,2,199,695,4123.666666666667,1
1314,Lakshmi,4,29,128,2,40,16,5,35,3,4,0,2,78,44,310,100,4,2,0,4,1,0,2,5,199,719,7429.666666666667,1
1315,Aditi,40,72,171,6,24,19,10,36,6,2,1,2,33,23,148,96,4,0,0,2,2,4,7,3,699,1259,6211.066666666667,0
1316,Diya,29,51,141,6,21,12,11,4,1,4,1,2,38,27,300,44,4,3,1,9,1,1,1,2,399,967,9670.0,0
1317,Kavya,13,82,2,0,14,14,5,0,5,5,1,3,49,27,265,137,1,3,0,5,0,1,7,5,199,359,3171.166666666667,1
1318,Yamini,56,105,134,5,10,11,8,10,4,2,1,3,86,31,117,28,0,2,1,3,2,3,4,1,199,263,1025.7,0
1319,Khushi,21,33,148,5,20,27,9,30,8,2,0,0,0,20,142,148,4,3,0,5,2,0,7,4,699,1251,5921.4,0
1320,Neeraj,5,9,100,2,13,5,4,6,5,3,1,1,37,29,199,85,2,3,1,4,2,4,7,4,999,1271,8430.966666666667,1
1321,Diya,56,75,39,6,1,8,3,0,1,4,0,4,64,36,341,148,3,2,0,2,0,2,4,3,999,1383,15720.1,0
1322,bhavya,59,118,52,3,46,7,13,5,1,0,1,2,42,21,358,72,1,2,1,4,0,0,5,1,999,1223,14594.466666666667,0
1323,Nisha,23,57,69,2,30,17,3,26,2,5,0,4,3,39,362,88,1,2,1,6,2,2,0,3,299,443,5345.533333333333,1
1324,Rudra,53,30,109,4,25,16,8,21,5,0,1,1,24,18,322,40,3,1,1,1,1,0,1,2,199,623,6686.866666666666,0
1325,Ankit,30,54,30,4,11,5,6,35,4,1,1,2,72,37,331,152,1,1,0,8,0,3,6,5,499,667,7359.233333333334,0
1326,Ravi,46,50,40,1,19,20,8,35,9,0,1,4,25,2,38,149,3,1,1,8,1,3,3,4,999,1423,1802.4666666666665,0
1327,Aarav,9,38,97,0,24,29,1,20,6,3,1,2,74,22,296,70,0,2,0,3,0,1,1,5,399,407,4015.7333333333336,1
1328,Sakshi,57,113,120,2,27,17,13,31,4,0,1,0,83,0,159,87,0,2,1,1,0,0,3,5,499,603,3195.9,0
1329,Pavani,36,115,3,2,30,11,9,17,9,5,1,3,59,34,50,106,3,1,0,1,2,0,4,4,699,1131,1885.0,0
1330,Hema,19,12,140,2,27,5,13,36,3,4,0,1,55,26,305,126,0,1,1,5,1,0,1,5,299,403,4097.166666666666,1
1331,Pranav,31,99,33,0,13,9,11,1,3,4,1,3,3,7,334,30,1,2,0,2,1,3,2,2,699,907,10097.933333333332,1
1332,Pooja,6,5,162,6,35,26,14,18,7,2,0,0,15,26,323,108,0,2,1,5,1,1,5,2,299,411,4425.1,1
1333,Sowmya,12,54,159,0,26,18,14,24,2,4,1,1,78,42,153,44,2,3,0,5,0,4,3,5,299,651,3320.1,0
1334,Madhuri,22,44,177,4,21,18,7,5,7,4,1,4,50,6,129,119,2,0,1,3,1,4,3,5,299,595,2558.5,0
1335,Varun,55,16,129,5,15,4,12,28,2,2,1,3,26,13,137,42,4,1,0,7,1,3,5,2,399,975,4452.5,0
1336,Om,51,97,54,6,44,2,12,28,4,0,0,1,80,35,319,42,0,1,1,3,0,4,5,1,399,495,5263.5,0
1337,Ishita,34,46,80,0,34,16,9,37,9,5,1,4,33,13,247,49,0,3,0,6,1,2,3,1,199,271,2231.233333333333,1
1338,Zoya,33,31,120,4,15,1,3,23,4,3,0,1,81,13,177,66,0,2,0,2,1,4,3,1,699,723,4265.7,1
1339,Ayesha,15,113,12,3,29,17,12,22,4,1,0,0,38,41,312,24,0,3,1,4,0,1,4,1,399,495,5148.0,0
1340,Arnav,43,53,148,1,24,29,8,10,6,1,0,4,11,9,255,175,0,0,1,3,0,3,3,4,999,1063,9035.5,0
1341,Sana,3,61,170,6,37,8,10,4,2,3,0,1,5,42,213,7,4,1,1,8,1,2,2,1,399,959,6808.9,1
1342,Payal,43,17,110,2,39,21,8,1,4,3,0,0,23,31,80,73,0,1,1,4,1,0,2,2,199,263,701.3333333333333,0
1343,Ravi,36,32,172,5,46,0,9,14,3,0,0,4,50,2,139,127,4,0,1,1,0,1,5,5,499,1051,4869.633333333334,0
1344,Chandana,57,84,79,4,31,18,6,12,9,1,0,0,16,11,144,162,2,2,0,9,2,0,1,5,199,487,2337.6,0
1345,Neeraj,50,52,33,2,19,18,7,25,2,1,0,4,69,34,360,107,1,2,1,4,1,4,3,5,399,575,6900.0,1
1346,Tarun,36,26,98,1,1,1,4,1,4,4,0,4,21,20,335,28,4,1,1,6,2,4,0,3,999,1511,16872.833333333332,1
1347,Amrutha,17,106,163,1,25,14,1,39,0,0,0,1,85,6,169,160,2,0,0,5,1,2,7,4,999,1247,7024.766666666667,0
1348,Yashwanth,21,52,151,2,37,11,14,7,0,2,0,0,50,3,351,99,3,1,0,9,2,4,1,5,699,1171,13700.699999999999,1
1349,Ankit,40,47,29,1,4,9,11,0,8,3,1,3,39,36,195,74,0,3,0,8,0,0,2,5,999,1087,7065.5,1
1350,Muskan,1,116,116,1,49,28,9,2,1,4,1,0,64,35,157,65,0,1,0,7,0,4,3,3,999,1071,5604.9,1
1351,Jyothi,53,109,100,4,46,16,5,37,7,0,0,1,23,43,210,173,0,1,1,2,2,3,0,3,699,739,5173.0,0
1352,Hema,27,72,8,6,22,8,2,2,1,5,0,1,66,44,242,91,3,1,0,8,2,2,3,1,199,575,4638.333333333333,1
1353,Ritika,49,66,36,0,46,17,3,19,2,1,1,4,56,42,135,176,3,0,0,5,2,0,1,3,699,1083,4873.5,0
1354,Farah,48,72,156,1,15,0,9,22,8,3,1,0,53,24,33,124,3,2,1,9,2,4,6,5,999,1431,1574.1000000000001,0
1355,Sowmya,42,109,34,6,19,29,4,19,3,5,1,1,25,26,124,127,1,3,1,1,0,4,2,2,199,351,1450.8000000000002,1
1356,Priya,14,58,127,4,41,14,12,21,9,1,1,0,49,12,186,142,0,2,1,2,2,4,6,1,299,395,2449.0,1
1357,Riya,35,36,173,5,13,9,7,30,5,2,0,0,32,23,243,177,1,0,1,6,2,3,1,2,299,475,3847.5,1
1358,Deepak,48,104,119,1,0,3,11,27,8,2,0,1,4,44,155,144,4,2,0,3,2,1,0,5,699,1267,6546.166666666667,0
1359,Kabir,6,17,46,6,48,4,13,35,9,0,0,1,30,8,243,58,1,2,1,9,0,4,2,2,299,523,4236.3,1
1360,Riya,54,30,56,2,34,23,7,22,4,1,0,1,85,10,54,127,3,3,0,9,1,3,3,2,399,815,1467.0,0
1361,Ishaan,40,60,53,1,24,13,8,28,2,3,0,1,29,2,151,147,0,0,1,8,1,4,4,4,199,263,1323.7666666666667,1
1362,Madhuri,40,19,122,5,18,0,7,30,4,4,1,3,34,4,295,115,3,0,0,2,2,2,2,2,299,715,7030.833333333334,1
1363,Nandini,12,45,73,3,32,13,14,1,9,4,0,0,14,7,268,132,2,0,0,7,1,0,4,4,999,1351,12068.933333333334,1
1364,Farah,58,103,73,2,41,29,4,11,5,5,0,2,40,18,88,136,2,0,1,1,0,2,6,1,299,571,1674.9333333333332,0
1365,Padma,20,95,20,2,35,27,13,9,0,0,0,1,68,34,155,30,0,0,0,9,0,3,2,5,999,1103,5698.833333333334,0
1366,Divya,57,108,11,6,27,0,10,8,6,5,1,4,46,35,124,148,4,3,0,3,0,3,3,1,699,1259,5203.866666666667,0
1367,Navya,57,54,109,4,16,23,11,10,7,1,0,4,54,32,56,71,4,3,0,3,1,0,2,4,399,967,1805.0666666666666,0
1368,Kabir,36,40,131,2,19,1,12,9,9,0,0,3,75,13,111,125,3,3,1,6,1,2,6,1,699,1155,4273.5,0
1369,Simran,44,69,66,5,34,17,13,0,8,1,1,2,44,18,307,34,2,3,0,9,2,3,6,5,699,1043,10673.366666666665,0
1370,muzammil,31,101,7,1,4,19,12,38,2,2,1,3,23,0,327,14,4,1,0,4,0,2,6,4,399,975,10627.5,0
1371,Komal,42,60,30,3,35,26,14,11,1,2,0,1,68,5,240,92,3,1,0,9,0,2,5,4,299,771,6168.0,0
1372,Ishita,55,10,118,5,8,13,9,7,2,3,1,1,72,31,63,100,0,0,0,7,0,2,1,3,399,471,989.1,0
1373,Rida,36,19,134,1,47,27,5,37,9,4,0,0,8,16,219,140,3,0,0,1,0,0,1,3,199,599,4372.7,1
1374,Lakshmi,51,103,170,3,12,17,14,25,6,1,0,4,77,7,137,113,0,1,1,1,0,4,4,3,699,811,3703.5666666666666,0
1375,Ayaan,38,70,62,2,33,20,6,11,1,2,1,4,41,25,207,19,4,2,0,1,2,1,3,5,999,1527,10536.300000000001,0
1376,Karthik,42,54,38,0,0,7,11,21,0,4,1,3,41,28,224,116,1,3,0,3,0,2,3,5,499,707,5278.933333333333,1
1377,Chandana,44,41,11,6,35,0,9,34,3,5,0,3,75,29,39,17,2,1,0,4,0,4,2,5,499,811,1054.3,0
1378,Deepak,6,43,74,5,20,5,10,39,3,3,1,1,7,0,265,59,2,0,0,3,1,0,5,5,199,519,4584.5,0
1379,Jyothi,37,3,74,3,32,23,9,34,8,5,1,2,58,4,245,48,4,1,1,9,0,4,0,2,399,951,7766.499999999999,1
1380,Sravya,57,49,171,1,0,13,7,28,4,1,1,4,23,4,266,105,1,3,0,2,0,4,3,2,299,475,4211.666666666667,0
1381,Anjali,52,23,16,3,12,14,3,31,3,1,0,1,40,6,210,78,2,3,0,6,0,2,7,3,499,763,5341.0,0
1382,hasini,11,17,169,5,27,5,7,29,7,1,0,1,88,22,30,126,0,1,0,1,0,0,7,5,399,455,455.0,1
1383,Ravi,39,21,56,0,33,24,13,8,1,0,0,4,63,40,232,47,0,0,1,6,0,4,0,2,299,403,3116.5333333333333,1
1384,Varsha,27,61,130,4,11,24,13,3,1,5,0,4,43,16,60,173,1,2,0,8,1,3,1,5,699,923,1846.0,0
1385,Aditya,7,4,31,6,39,22,3,35,3,2,1,3,64,17,304,108,4,2,1,9,2,1,7,1,399,903,9150.4,1
1386,Ritika,19,89,33,4,43,16,10,39,2,1,0,1,87,10,156,76,1,1,1,1,0,1,5,5,999,1199,6234.8,0
1387,bhavya,17,25,35,6,28,25,9,24,5,3,0,1,28,0,167,41,3,3,0,1,2,2,7,2,199,631,3512.5666666666666,1
1388,Sandeep,57,64,144,6,48,24,5,23,3,2,1,1,1,19,137,147,0,0,1,4,0,0,6,2,699,739,3374.7666666666664,1
1389,Yash,11,39,158,3,2,20,2,11,8,0,0,3,17,4,211,60,2,0,1,4,0,3,6,1,199,455,3200.1666666666665,0
1390,Yash,13,91,109,1,22,25,11,10,6,1,0,2,63,5,31,91,1,0,1,8,1,1,1,1,299,507,523.9000000000001,0
1391,Ritika,44,75,112,5,12,25,11,21,4,1,1,4,52,44,76,172,0,1,1,7,2,1,0,3,299,387,980.4,0
1392,neha,35,96,106,2,35,29,6,19,4,1,0,0,20,39,56,86,2,2,0,2,1,3,4,1,499,787,1469.0666666666666,0
1393,Diya,40,105,71,2,39,9,10,2,1,3,0,3,5,2,205,97,3,1,0,3,2,3,0,3,299,739,5049.833333333333,1
1394,Hema,14,97,64,1,30,27,11,1,7,2,0,1,45,34,42,1,4,1,1,1,2,2,5,5,999,1567,2193.7999999999997,0
1395,Harsh,25,74,145,5,29,17,6,28,3,0,0,3,56,4,261,75,3,3,1,7,0,0,0,4,999,1407,12240.9,1
1396,Maira,28,80,143,1,47,15,4,1,2,4,1,0,20,33,339,151,4,3,1,7,1,0,1,4,999,1511,17074.3,1
1397,Chandana,51,52,147,1,31,19,13,19,6,3,1,0,10,9,215,47,3,2,0,7,2,4,6,3,499,963,6901.5,1
1398,priya,13,49,22,1,5,28,5,26,9,4,1,0,87,17,60,133,2,0,1,5,1,4,7,3,399,679,1358.0,1
1399,Kabir,57,14,100,2,16,19,3,16,8,2,0,0,59,21,359,111,0,1,0,8,2,3,2,2,499,523,6258.566666666667,0
1400,Harsh,22,13,120,6,21,28,14,2,9,4,0,1,28,24,321,103,2,0,0,3,1,1,5,5,399,751,8035.7,0
1401,Karthik,36,73,75,6,0,26,9,11,9,4,0,4,49,35,156,139,3,1,1,8,1,2,2,2,999,1431,7441.2,0
1402,hasini,48,69,32,6,30,29,14,30,1,0,1,4,72,44,209,94,2,0,0,4,1,4,1,2,499,851,5928.633333333333,0
1403,Manish,39,78,86,0,33,27,8,33,1,4,0,3,82,31,81,21,0,0,0,9,1,4,1,5,399,463,1250.1000000000001,1
1404,Abhishek,25,116,120,6,42,17,14,31,4,2,0,4,67,31,194,23,1,2,0,5,0,2,4,2,299,531,3433.8,0
1405,Keerthi,46,24,160,6,36,23,11,8,0,1,1,1,58,20,164,39,2,0,0,3,1,4,0,5,999,1327,7254.266666666666,0
1406,Swati,6,42,139,2,30,27,1,10,3,0,1,2,35,7,271,114,3,3,0,9,2,1,6,2,699,1067,9638.566666666666,1
1407,Deepika,53,38,59,1,20,6,4,2,1,5,1,4,18,1,206,168,2,1,1,2,1,0,7,4,499,771,5294.2,1
1408,Arnav,21,9,97,3,47,4,10,8,2,0,1,4,65,18,337,145,2,2,1,2,1,4,1,1,999,1319,14816.766666666666,1
1409,Priya,32,78,142,5,31,5,8,20,9,2,1,3,7,23,329,92,3,2,1,9,1,2,6,3,499,923,10122.233333333334,0
1410,Jyothi,29,61,87,0,15,28,7,29,3,4,0,2,46,18,165,87,3,3,0,4,1,0,3,5,199,615,3382.5,1
1411,Zoya,22,51,178,4,24,2,5,27,4,4,0,4,1,12,183,6,3,1,1,1,2,1,0,5,499,899,5483.9,0
1412,Pranav,17,66,53,2,39,14,11,9,0,5,1,3,49,1,170,5,4,1,1,9,2,2,1,1,299,867,4913.0,1
1413,Muskan,0,21,100,6,32,10,10,18,4,3,1,1,63,40,312,32,4,3,1,3,0,1,7,4,499,1059,11013.6,0
1414,Rashmi,38,38,4,3,3,20,11,28,6,1,0,3,39,30,319,176,1,3,0,9,2,3,0,5,499,707,7517.766666666666,1
1415,Sneha,14,47,124,0,18,7,7,25,5,0,1,3,51,18,42,123,3,3,1,4,2,4,6,5,199,615,861.0,1
1416,Payal,45,52,125,4,41,21,9,13,6,4,1,1,86,34,186,30,2,0,0,9,0,2,3,1,199,511,3168.2000000000003,0
1417,Bhavya,8,6,124,0,44,5,9,8,3,2,0,4,67,21,322,172,1,3,1,4,0,3,3,1,299,491,5270.066666666667,1
1418,Aditi,57,18,55,3,21,8,8,23,3,3,1,0,62,32,133,120,4,3,1,1,1,3,1,3,299,843,3737.3,1
1419,Chandana,29,63,78,0,35,21,8,17,5,4,0,2,34,23,220,34,2,1,1,2,1,2,3,5,199,503,3688.6666666666665,1
1420,Zoya,37,41,151,4,42,4,12,5,5,0,1,0,68,42,281,175,0,1,1,9,1,1,3,4,999,1095,10256.5,0
1421,ShivaPrasad,37,79,124,5,16,2,7,17,6,1,1,4,56,6,44,56,1,1,1,6,0,3,5,4,999,1175,1723.3333333333333,0
1422,priya,21,32,95,3,37,3,1,22,4,5,1,1,48,15,215,132,0,0,0,5,1,3,3,2,399,407,2916.8333333333335,1
1423,Pooja,25,26,46,0,30,21,8,33,6,1,0,4,61,39,322,90,3,0,1,1,0,3,7,3,299,723,7760.2,1
1424,Vivaan,29,19,16,2,44,28,2,11,0,0,1,4,2,7,160,57,1,1,0,1,1,2,0,3,399,535,2853.333333333333,1
1425,Nikhil,6,91,148,4,39,8,6,28,3,3,0,1,32,13,337,14,0,2,1,9,1,4,0,3,499,547,6144.633333333333,1
1426,Yashwanth,16,37,64,0,8,7,12,4,0,1,0,1,25,29,30,88,0,0,1,6,0,0,5,1,399,495,495.0,0
1427,Ayesha,9,7,168,5,46,4,6,33,5,4,0,2,67,29,336,74,2,3,0,7,0,4,4,3,999,1287,14414.4,0
1428,Sneha,21,79,84,2,21,16,6,11,4,5,0,4,41,12,228,122,3,1,1,1,2,0,2,5,699,1107,8413.199999999999,1
1429,Manasa,1,92,139,5,44,25,14,33,9,4,0,3,81,25,214,152,4,0,0,1,2,3,4,4,699,1291,9209.133333333333,1
1430,bhavya,7,8,16,3,8,5,4,26,6,4,0,3,14,34,352,76,1,3,1,2,2,4,2,3,999,1151,13505.066666666666,0
1431,Krishna,26,58,101,4,9,14,14,25,0,3,0,0,86,3,311,149,4,3,0,8,1,0,7,5,699,1291,13383.366666666667,0
1432,Akash,20,5,169,3,44,2,7,18,8,2,0,4,30,31,128,154,1,1,1,8,0,4,0,3,999,1175,5013.333333333333,1
1433,Manasa,35,21,88,5,28,27,14,11,4,3,0,2,62,9,337,65,1,0,1,5,0,3,1,4,999,1231,13828.233333333332,0
1434,Aryan,48,85,99,4,42,23,13,28,5,2,1,0,83,39,245,20,2,3,0,3,2,2,4,1,399,743,6067.833333333333,0
1435,Amit,44,9,97,3,45,9,9,16,0,3,1,0,16,9,79,36,0,3,0,4,0,4,6,5,199,271,713.6333333333333,0
1436,Keerthi,49,41,127,5,8,27,13,11,1,0,0,2,36,20,312,112,2,2,0,9,2,1,2,4,199,543,5647.2,1
1437,Keerthana,36,96,157,6,29,12,12,16,5,3,0,4,2,23,39,144,4,0,0,9,2,1,1,3,999,1575,2047.5,0
1438,ramya,17,96,172,5,8,10,11,0,0,4,0,2,11,29,156,22,2,3,1,7,2,3,4,5,699,1027,5340.400000000001,0
1439,Pavani,34,32,24,4,4,28,1,38,6,1,0,2,2,32,147,91,2,3,1,5,2,0,6,3,499,747,3660.3,0
1440,Ayaan,30,77,32,6,1,11,8,6,3,0,0,1,57,34,296,118,3,3,0,5,0,4,1,4,399,823,8120.266666666667,1
1441,Riya,12,11,93,5,12,4,10,29,3,3,0,1,34,6,76,176,4,0,1,5,1,0,5,4,199,759,1922.8,0
1442,Pooja,29,30,149,4,15,3,1,24,9,0,0,0,70,21,211,113,2,1,0,2,2,0,3,1,999,1247,8770.566666666666,1
1443,Pavani,30,24,173,2,39,7,3,7,8,1,0,2,41,9,278,139,3,3,1,6,2,4,4,3,399,783,7255.800000000001,1
1444,Harsh,33,111,142,5,17,17,5,14,8,5,0,1,72,18,270,5,4,0,1,3,0,0,3,5,699,1219,10971.0,0
1445,Sana,44,103,167,4,45,8,8,24,8,3,1,4,59,14,349,97,3,0,1,8,1,4,3,5,299,723,8410.9,0
1446,Vivaan,13,98,140,6,21,23,5,20,6,3,1,2,64,30,272,18,3,0,1,1,1,4,5,4,199,599,5430.933333333333,0
1447,Varsha,15,117,114,4,26,18,9,22,9,0,1,3,40,41,235,139,1,3,1,4,2,4,2,3,399,591,4629.5,1
1448,Shruti,25,87,88,3,3,26,7,0,7,4,1,1,86,26,225,66,2,0,1,2,0,3,6,4,199,495,3712.5,0
1449,Reyansh,47,62,156,2,2,29,10,36,3,2,0,4,9,10,170,120,1,3,1,2,0,0,6,4,499,699,3961.0,0
1450,Divya,47,79,158,3,23,23,13,1,5,3,1,0,0,34,246,131,3,2,1,4,0,3,2,2,999,1463,11996.599999999999,0
1451,Chandana,24,48,121,2,39,7,6,2,7,1,1,3,5,17,253,47,2,1,1,3,2,1,3,2,999,1287,10853.7,0
1452,Siddharth,1,17,76,5,22,5,11,29,4,0,0,2,45,21,84,155,0,3,0,2,0,0,2,4,199,287,803.5999999999999,1
1453,Ishita,49,97,142,2,30,25,8,38,5,4,1,4,30,21,158,71,3,0,1,8,1,0,0,5,699,1123,5914.466666666666,0
1454,Pooja,0,99,125,5,0,16,7,13,6,4,1,1,85,4,121,78,4,2,0,2,2,4,1,4,699,1235,4981.166666666667,1
1455,Ayesha,57,55,177,4,42,11,7,32,1,3,1,0,54,40,204,105,2,3,0,7,1,4,0,1,699,995,6766.0,1
1456,Om,6,25,6,4,27,8,2,3,0,5,0,1,58,12,304,93,3,3,1,2,2,4,1,3,999,1375,13933.333333333332,1
1457,Ayesha,33,20,13,0,34,21,10,33,3,1,1,3,3,8,67,141,2,3,0,5,0,0,0,1,199,519,1159.1000000000001,1
1458,rohan,25,112,127,6,22,0,12,34,3,1,0,4,76,8,312,175,2,2,1,6,2,4,0,2,499,835,8684.0,0
1459,Shruti,53,45,144,3,24,26,11,16,9,3,1,2,70,17,112,176,0,3,1,3,1,3,1,3,399,487,1818.1333333333334,0
1460,Rahul,57,97,61,0,30,25,11,24,4,3,0,0,63,35,288,176,4,3,0,2,0,0,4,5,499,1067,10243.199999999999,0
1461,Padma,5,8,54,6,37,21,2,19,3,0,1,4,82,33,204,88,3,1,1,8,2,2,3,1,999,1375,9350.0,1
1462,Simran,51,38,32,1,17,2,8,23,0,3,0,3,22,27,269,110,1,0,0,1,1,0,0,2,999,1183,10607.566666666668,1
1463,Sravya,3,79,115,0,34,26,12,31,5,1,0,0,43,16,68,160,2,2,0,1,2,0,6,3,399,735,1666.0,0
1464,Atharv,51,62,148,3,41,8,13,24,3,4,0,0,58,21,39,2,0,1,0,1,2,2,3,2,199,303,393.90000000000003,0
1465,Noor,55,52,5,6,19,5,4,32,5,2,1,0,4,15,325,54,2,1,0,1,2,2,0,2,499,771,8352.5,1
1466,Yashwanth,32,69,87,6,20,28,12,36,7,4,1,3,72,14,54,145,3,3,1,3,0,4,7,4,399,855,1539.0,0
1467,Kunal,11,44,161,1,10,25,2,25,5,0,0,2,63,23,216,122,2,0,1,5,1,3,1,5,999,1255,9036.0,1
1468,Shaurya,32,83,88,4,8,22,14,7,1,5,1,3,41,33,34,122,0,2,1,9,0,3,5,4,399,511,579.1333333333333,0
1469,Chandana,57,30,127,4,41,11,1,20,2,5,1,1,23,18,277,139,3,0,0,4,0,3,2,1,499,867,8005.299999999999,1
1470,Om,4,101,157,0,27,10,5,32,3,0,0,2,80,0,335,102,3,1,0,1,1,1,5,1,399,799,8922.166666666666,1
1471,Divya,53,49,152,4,48,17,5,5,5,0,1,1,64,15,169,86,3,2,1,1,0,0,5,3,399,799,4501.033333333334,0
1472,Sravya,11,10,135,0,3,11,10,8,8,4,1,0,7,37,123,111,3,2,0,2,1,1,2,1,299,739,3029.8999999999996,1
1473,Ravi,3,113,146,6,14,20,4,36,3,4,0,3,16,0,158,45,1,0,0,8,2,3,7,3,999,1151,6061.933333333333,0
1474,Pavani,32,33,34,6,2,17,12,4,8,3,1,3,42,41,193,32,4,1,0,4,0,4,1,5,999,1575,10132.5,0
1475,Dhruv,37,32,49,3,21,22,4,3,9,1,1,3,20,6,363,104,4,2,1,9,2,3,1,1,299,811,9813.1,1
1476,rohan,17,37,72,6,44,13,3,24,4,3,0,2,1,3,212,44,0,3,0,9,1,3,1,3,399,423,2989.2,1
1477,Ayaan,11,27,66,4,40,23,1,8,4,2,0,3,23,26,131,19,3,1,1,8,0,1,5,5,999,1367,5969.233333333333,1
1478,Pooja,46,47,93,2,15,16,14,27,1,4,0,0,57,43,135,87,2,0,0,3,2,0,0,5,199,551,2479.5,0
1479,Manasa,31,108,131,2,39,0,9,10,1,4,0,1,4,29,211,159,4,3,1,3,2,0,1,3,699,1251,8798.7,0
1480,roshan,21,18,48,1,5,8,1,20,0,0,0,2,3,26,141,121,4,2,0,6,2,2,4,4,499,987,4638.900000000001,1
1481,Alisha,22,8,17,1,17,9,8,16,7,0,1,1,69,20,146,140,1,1,1,9,1,1,7,4,999,1183,5757.266666666666,0
1482,veer,50,100,31,2,6,23,1,31,6,0,1,4,79,27,359,140,2,1,1,2,2,1,0,2,999,1247,14922.433333333334,1
1483,Dhruv,23,62,52,2,9,28,10,21,2,3,0,0,42,27,195,83,4,2,1,6,1,3,2,1,699,1259,8183.5,1
1484,Neeraj,52,109,158,1,14,29,1,25,2,1,1,3,15,36,157,144,3,0,0,7,0,2,5,1,699,1067,5583.966666666667,0
1485,Manasa,1,116,76,3,44,20,13,26,3,2,0,1,72,20,348,158,0,0,1,1,0,3,1,3,399,503,5834.8,1
1486,Keerthi,56,59,12,5,13,16,11,2,3,3,0,2,77,25,153,74,3,2,1,4,1,1,2,4,699,1147,5849.7,0
1487,roshan,17,3,25,1,23,29,13,18,0,0,0,2,83,11,125,140,3,1,1,6,1,3,1,5,499,963,4012.5000000000005,1
1488,Nisha,50,64,82,5,33,25,9,18,8,1,1,3,65,37,307,58,0,1,0,3,1,3,6,5,699,771,7889.9,0
1489,Meera,11,57,150,5,20,6,6,1,2,2,0,0,35,7,62,28,2,0,0,3,0,0,7,4,299,587,1213.1333333333334,0
1490,Sneha,25,12,125,4,32,2,14,26,0,4,0,1,42,16,290,40,2,0,0,6,1,2,1,1,299,651,6293.0,1
1491,Sakshi,33,48,130,6,25,8,13,35,6,2,0,1,22,37,335,89,0,0,1,2,1,1,2,2,299,403,4500.166666666666,0
1492,Sakshi,7,42,33,1,35,17,13,5,4,4,1,4,21,13,244,160,2,1,0,7,0,4,2,3,999,1343,10923.066666666666,0
1493,Pavani,35,108,1,1,43,20,7,6,7,1,1,0,82,14,212,5,4,1,0,6,1,3,2,2,999,1535,10847.333333333332,0
1494,Deepak,16,87,137,3,31,25,5,26,0,1,1,0,68,34,113,133,0,0,0,6,0,1,3,5,299,339,1276.9,0
1495,Amit,50,44,94,5,3,24,14,39,3,3,1,3,60,27,358,106,4,3,0,7,2,0,1,1,499,1091,13019.266666666666,1
1496,Yamini,9,16,30,2,35,15,11,27,7,0,0,4,39,8,89,125,0,3,0,4,1,3,0,1,499,587,1741.4333333333334,1
1497,hasini,30,25,88,5,44,25,6,9,4,2,1,4,53,19,215,66,0,0,0,8,1,2,6,4,199,247,1770.1666666666667,0
1498,Vedant,18,21,76,5,2,9,3,30,6,1,0,1,18,41,150,120,3,1,0,4,0,3,5,4,499,883,4415.0,0
1499,Ritika,39,13,172,5,21,20,11,29,4,0,1,2,89,14,47,136,2,3,0,6,0,0,6,2,999,1327,2078.9666666666667,0
1500,ramya,24,32,29,0,27,15,6,18,9,0,1,0,25,10,262,122,4,2,0,2,2,1,6,5,999,1527,13335.8,1
1501,hasini,36,81,161,3,46,5,2,3,1,3,0,1,66,3,343,136,1,3,0,7,0,3,1,2,999,1135,12976.833333333334,1
1502,Akash,39,83,175,3,16,16,10,31,8,0,0,3,46,35,100,160,0,2,1,2,1,4,4,4,299,379,1263.3333333333335,1
1503,Vedant,57,50,47,2,24,20,9,36,5,5,1,3,63,6,204,152,2,1,1,1,2,4,0,4,399,711,4834.8,0
1504,Sakshi,51,49,87,1,3,0,13,19,5,5,1,2,41,11,135,83,0,2,1,8,2,3,2,3,399,503,2263.5,1
1505,Aarav,51,66,69,3,28,7,4,5,1,5,0,3,55,6,276,75,3,0,0,5,0,0,2,1,999,1391,12797.199999999999,0
1506,Ishita,44,25,5,5,11,17,14,10,0,0,1,3,39,19,92,131,3,0,1,1,1,4,7,3,999,1471,4511.066666666667,0
1507,Jyothi,37,39,153,3,31,14,8,1,4,2,0,2,72,0,305,113,2,2,0,6,2,2,6,2,499,803,8163.833333333333,1
1508,Nisha,21,27,152,2,33,11,12,12,1,5,1,3,38,15,60,104,3,2,0,5,2,0,6,4,399,855,1710.0,1
1509,Anusha,29,115,177,4,37,15,11,6,7,4,0,2,31,33,71,111,0,0,1,1,2,3,7,5,299,387,915.9,0
1510,Pooja,55,16,142,2,40,12,7,17,1,3,0,3,37,12,195,90,4,2,1,3,0,3,2,2,199,735,4777.5,0
1511,Ankit,15,54,43,5,14,16,4,16,5,3,0,2,61,1,257,33,4,2,0,3,0,3,4,4,699,1211,10374.233333333334,1
1512,ramya,26,7,2,4,11,22,12,37,8,2,0,0,72,0,104,7,1,3,0,3,1,2,3,1,999,1215,4212.0,1
1513,Om,49,13,132,5,26,11,9,23,4,2,0,1,57,39,188,177,1,0,1,9,0,0,2,4,299,491,3076.9333333333334,0
1514,Ravi,34,98,108,1,37,5,10,38,7,2,1,3,4,18,169,99,3,0,0,3,0,0,6,5,699,1139,6416.366666666667,1
1515,Aryan,50,5,160,6,30,19,13,4,4,4,0,2,31,29,353,167,2,3,0,2,0,4,3,4,399,743,8742.633333333333,0
1516,Harini,56,35,28,1,27,3,5,36,2,5,1,4,12,13,127,125,0,3,1,4,2,4,1,5,999,1039,4398.433333333333,1
1517,Sarika,20,56,18,2,19,27,5,36,5,1,0,1,19,4,152,136,2,2,1,5,1,0,6,4,299,579,2933.6,1
1518,Kunal,23,94,27,5,16,28,6,11,8,4,0,4,74,22,195,78,1,1,1,5,2,2,7,5,999,1167,7585.5,0
1519,Jyothi,0,110,45,0,30,26,1,0,7,0,1,4,3,32,279,172,3,0,1,3,1,2,0,4,699,1067,9923.1,1
1520,Krishna,32,43,16,6,23,8,14,27,1,1,1,2,60,9,57,123,4,3,1,4,0,2,4,2,999,1591,3022.8999999999996,0
1521,Harsh,50,8,123,3,17,21,13,31,7,3,1,3,21,42,144,111,3,1,0,1,2,3,6,2,299,763,3662.4,0
1522,Khushi,5,117,41,5,34,18,1,39,0,0,0,3,53,42,70,144,4,0,0,3,0,4,1,1,499,987,2303.0,1
1523,Anusha,3,90,6,0,32,13,10,20,8,4,1,3,72,22,351,111,4,0,1,4,1,4,2,3,399,959,11220.3,1
1524,Preeti,41,67,60,0,14,23,7,19,7,3,1,4,62,18,203,96,3,2,1,1,1,0,4,1,499,915,6191.5,1
1525,Ayaan,31,65,178,3,48,0,1,29,5,3,0,1,3,36,274,41,0,3,0,3,2,3,3,5,499,507,4630.599999999999,1
1526,Tejaswi,3,8,18,0,27,13,9,4,2,2,1,2,65,3,276,140,1,0,1,5,1,2,1,5,199,391,3597.2,1
1527,Tejaswi,49,26,100,4,36,9,10,35,3,2,0,2,54,11,57,152,0,3,0,6,0,2,7,4,199,279,530.1,1
1528,Isha,16,74,56,6,23,29,11,19,3,0,1,0,22,13,342,94,3,1,0,4,2,3,4,4,999,1447,16495.8,0
1529,Om,49,33,160,2,28,5,6,11,0,3,0,1,14,19,36,17,3,0,1,2,1,2,5,2,199,607,728.4,0
1530,Ishaan,21,18,118,6,29,9,9,31,2,1,0,3,81,44,43,54,4,0,1,5,0,4,2,2,699,1251,1793.1,0
1531,Rahul,3,9,75,0,21,28,14,14,8,2,0,2,68,8,152,33,4,1,0,5,2,3,2,1,499,1091,5527.733333333333,1
1532,Nisha,10,64,40,4,23,23,4,15,3,3,1,0,11,6,228,105,0,0,0,6,1,3,3,2,699,731,5555.599999999999,1
1533,bhavya,3,69,85,3,46,9,1,27,1,1,0,4,22,13,98,176,2,3,1,8,1,4,3,5,999,1247,4073.5333333333333,0
1534,Chandana,16,47,33,6,24,13,14,25,4,3,1,0,43,34,92,126,3,3,0,5,1,4,1,1,399,871,2671.066666666667,1
1535,Muskan,52,20,75,5,4,7,9,38,9,0,1,2,72,33,93,26,3,3,0,9,2,1,2,4,499,931,2886.1,0
1536,Aditi,49,104,15,5,35,2,9,4,1,3,1,3,32,1,295,140,0,1,1,4,0,0,2,4,699,771,7581.500000000001,0
1537,Madhuri,9,109,82,4,1,23,3,38,2,5,0,0,53,19,40,107,4,0,1,5,0,4,0,4,999,1503,2004.0,1
1538,Ayesha,23,37,137,0,0,1,4,26,0,2,1,3,83,13,78,57,1,1,1,2,0,2,2,3,299,451,1172.6000000000001,0
1539,Muskan,23,3,85,4,49,25,4,13,7,3,1,1,52,14,232,127,3,1,1,8,1,0,0,4,199,591,4570.4,1
1540,Siddharth,25,109,14,6,14,19,1,21,1,2,1,0,55,31,202,84,2,0,0,5,0,3,1,5,299,547,3683.133333333333,0
1541,Deepika,40,28,107,6,21,12,13,3,5,4,0,4,80,5,98,14,2,2,0,8,0,2,1,3,699,1043,3407.133333333333,0
1542,Harsh,42,77,56,1,4,13,12,17,8,3,0,1,54,0,63,52,1,1,0,9,0,3,4,1,399,615,1291.5,0
1543,Deepika,42,39,27,3,6,25,7,16,2,3,1,3,26,44,237,26,1,0,1,2,2,3,4,2,699,875,6912.5,1
1544,Chandana,32,101,70,3,26,28,5,3,2,2,1,0,29,21,336,145,4,2,1,8,1,4,7,4,199,719,8052.799999999999,0
1545,Ravi,38,115,156,1,46,0,3,31,9,1,0,4,46,44,59,170,1,2,0,2,2,0,5,2,999,1143,2247.9,0
1546,Tejaswi,8,1,169,0,5,9,8,29,6,4,1,0,32,44,258,177,1,0,0,2,1,4,2,3,299,483,4153.8,1
1547,Aarav,1,16,64,3,40,0,1,21,1,3,0,4,0,1,102,135,1,3,0,7,1,0,6,1,299,427,1451.8,0
1548,Keerthi,53,105,56,5,42,3,10,11,9,5,1,3,1,39,114,161,1,3,1,9,2,0,2,1,399,599,2276.2,0
1549,Sana,1,98,82,6,30,0,11,11,2,4,1,4,39,17,329,60,1,0,0,9,0,2,4,2,999,1207,13236.766666666666,1
1550,Sai,4,86,23,3,39,17,6,9,6,5,0,3,48,44,341,88,4,0,1,4,1,3,0,4,299,827,9400.233333333334,1
1551,ramya,50,6,166,0,2,18,7,38,9,3,0,1,56,39,165,18,2,0,1,7,2,4,4,4,699,995,5472.5,0
1552,Muskan,10,23,145,1,20,27,5,30,3,4,0,3,68,0,68,15,0,3,0,8,1,3,2,4,999,1039,2355.0666666666666,1
1553,Shreya,6,100,84,1,24,26,2,35,0,4,0,0,38,40,272,82,4,0,0,3,1,3,5,4,199,695,6301.333333333333,1
1554,Yashwanth,24,98,93,5,4,19,1,31,0,2,0,1,23,31,346,111,2,3,1,5,1,4,2,4,199,447,5155.4,1
1555,Rashmi,55,56,60,4,0,1,6,38,1,4,0,4,37,27,205,110,4,0,1,2,1,2,3,1,999,1527,10434.5,0
1556,Muskan,2,85,9,3,48,13,14,21,3,2,1,0,43,34,268,71,0,0,0,1,1,3,4,5,999,1111,9924.933333333334,0
1557,Ananya,1,106,37,1,38,9,14,17,6,1,0,0,79,11,295,10,3,2,1,7,1,4,6,4,999,1471,14464.833333333334,0
1558,Amrutha,19,68,21,0,0,7,10,37,1,2,0,2,34,30,303,53,2,1,1,9,1,3,0,2,499,819,8271.9,1
1559,Anusha,30,106,48,2,2,28,9,38,9,4,1,0,0,16,327,55,2,1,1,5,1,4,7,5,499,811,8839.9,0
1560,Akash,37,113,60,1,7,0,8,0,6,0,1,2,37,20,116,148,4,0,1,6,0,0,2,5,699,1243,4806.266666666666,0
1561,Shreya,32,115,100,5,30,14,8,27,1,5,0,3,8,36,220,173,2,2,1,4,1,4,5,5,299,603,4422.0,0
1562,Bhavya,45,8,63,3,29,2,3,21,4,2,1,0,6,3,40,7,1,0,1,8,0,3,0,3,699,843,1124.0,0
1563,Ravi,41,97,19,4,26,29,5,9,0,5,1,3,65,3,239,39,1,3,0,1,1,1,5,1,699,859,6843.366666666667,1
1564,ShivaPrasad,49,119,70,0,47,1,12,39,0,3,1,4,49,11,347,146,3,3,0,9,0,0,7,3,199,655,7576.166666666666,0
1565,Hema,30,34,24,4,35,24,7,23,3,4,1,2,76,20,282,77,2,0,0,2,0,0,3,5,199,495,4653.0,1
1566,roshan,21,82,161,1,36,0,8,6,7,5,0,1,5,28,220,149,3,1,0,6,1,4,5,2,699,1123,8235.333333333332,0
1567,Rida,33,66,36,1,34,5,1,36,0,2,0,4,85,42,128,128,2,3,1,9,1,3,7,5,999,1247,5320.533333333333,1
1568,Sana,22,71,79,1,39,6,10,7,9,0,0,1,63,2,295,11,2,3,0,7,0,3,4,5,699,1019,10020.166666666668,1
1569,Deepika,52,79,38,5,21,23,14,25,5,5,0,3,5,14,311,70,0,0,0,3,2,3,4,4,199,311,3224.0333333333333,0
1570,Akash,27,99,91,4,27,9,11,13,0,2,0,0,43,34,284,87,0,1,1,3,0,2,3,3,499,587,5556.933333333333,0
1571,Rahul,25,50,8,1,13,13,10,17,2,1,0,1,83,3,312,22,1,3,0,1,1,1,2,4,199,399,4149.6,1
1572,Sandeep,48,115,151,4,43,8,13,7,9,0,0,4,21,3,307,3,1,0,0,8,1,2,1,5,199,423,4328.7,0
1573,Yashwanth,31,53,76,3,23,4,2,21,9,3,0,3,44,7,176,167,4,1,1,3,0,4,2,5,999,1495,8770.666666666666,0
1574,Om,47,69,72,4,38,27,6,17,2,1,0,0,60,21,137,17,1,1,1,1,0,2,4,2,299,467,2132.633333333333,0
1575,Lakshmi,7,63,8,3,30,2,7,13,8,0,0,1,74,20,112,95,2,1,1,8,2,1,3,2,299,595,2221.3333333333335,1
1576,Padma,37,69,22,6,12,8,9,22,6,4,1,4,40,27,142,100,1,1,0,5,2,4,3,2,199,391,1850.7333333333333,1
1577,Jashwanth,56,63,74,2,16,20,5,23,7,2,0,2,54,23,333,69,0,3,0,9,2,3,7,3,999,1039,11532.9,0
1578,Anjali,23,38,170,3,17,0,13,39,7,5,0,3,27,35,167,47,2,0,0,7,2,1,4,1,399,743,4136.033333333333,1
1579,Padma,40,56,117,5,20,2,14,11,0,2,0,1,35,0,79,15,0,2,1,9,2,2,6,1,199,311,818.9666666666667,1
1580,Chandana,17,22,3,2,36,4,6,38,2,5,0,0,34,25,62,139,0,0,1,1,2,3,2,1,399,447,923.8000000000001,1
1581,Nandini,11,69,27,0,25,16,12,4,0,0,0,2,36,34,50,146,0,1,1,4,1,3,4,1,399,495,825.0,1
1582,roshan,25,12,32,0,6,18,13,10,1,4,1,2,81,3,288,36,4,0,0,4,2,4,6,2,499,1083,10396.8,1
1583,Ravi,6,77,20,0,32,0,6,7,3,4,0,1,40,19,82,121,1,1,1,5,0,0,4,4,699,867,2369.8,0
1584,Riya,19,118,108,3,42,10,6,24,9,3,0,4,7,20,235,44,0,0,1,5,1,0,7,3,499,547,4284.833333333333,0
1585,Alisha,14,102,62,2,1,25,5,7,2,2,1,3,17,3,140,99,2,3,1,6,1,3,6,5,199,479,2235.3333333333335,0
1586,Sana,58,46,59,4,8,16,6,10,9,1,0,2,26,27,54,105,0,3,1,8,2,4,2,5,499,547,984.6,0
1587,Sai,34,68,77,2,32,6,11,11,5,5,1,1,61,28,110,173,4,2,0,2,2,1,2,3,499,1067,3912.333333333333,1
1588,Hema,57,47,149,5,39,18,2,27,6,1,1,0,64,19,182,34,1,2,1,6,0,4,1,2,399,535,3245.6666666666665,0
1589,Karthik,55,50,80,2,0,18,3,36,1,2,1,0,15,9,181,79,1,1,0,9,1,0,5,2,699,843,5086.099999999999,0
1590,Om,55,65,179,6,15,25,4,24,6,2,0,0,56,33,111,16,2,1,0,7,1,4,3,1,299,571,2112.7000000000003,0
1591,Keerthana,11,61,146,5,26,18,1,21,2,2,0,1,84,4,56,12,3,0,1,8,1,1,2,5,299,667,1245.0666666666666,0
1592,Sonali,19,60,144,5,43,2,8,28,0,1,1,3,62,13,326,140,2,2,1,9,2,4,7,1,699,1003,10899.266666666666,1
1593,Diya,45,21,172,3,7,23,2,36,9,2,0,1,18,27,177,76,1,0,0,2,1,1,0,1,999,1135,6696.5,0
1594,Sana,4,74,112,6,49,14,9,1,2,0,1,2,57,32,76,52,3,1,0,1,0,2,6,4,699,1131,2865.2,0
1595,Noor,59,71,1,5,27,26,10,22,2,2,0,1,51,34,54,56,2,1,1,2,0,1,3,5,399,719,1294.2,0
1596,Aarav,23,95,173,4,47,23,6,11,0,3,0,4,52,16,198,80,4,3,1,8,1,0,6,4,699,1227,8098.2,0
1597,Siddharth,13,81,124,6,2,3,5,24,4,0,1,0,14,9,151,173,4,0,0,6,1,3,7,5,199,719,3618.9666666666667,0
1598,Om,10,110,2,2,6,26,9,29,4,5,0,1,48,21,43,76,1,3,1,1,2,4,0,4,699,891,1277.1,1
1599,neha,48,53,172,6,40,27,2,0,5,3,0,2,73,34,61,94,0,0,1,1,0,0,5,3,699,715,1453.8333333333333,0
1600,Aryan,39,22,63,6,10,7,7,30,8,0,1,4,24,38,174,65,1,3,0,7,2,0,4,4,999,1175,6815.0,0
1601,Navya,13,106,71,2,3,21,9,2,0,0,0,4,63,33,192,60,4,0,1,7,0,1,4,4,399,951,6086.400000000001,0
1602,Vedant,47,50,83,2,15,21,13,8,6,2,0,1,79,18,152,115,0,2,1,8,0,3,3,3,499,603,3055.2,0
1603,Ritika,54,43,29,5,2,23,8,9,1,4,0,2,40,33,72,66,2,1,1,2,0,2,2,3,399,703,1687.2,0
1604,Anjali,10,94,145,3,32,13,4,35,0,1,1,1,45,42,305,114,3,3,1,8,2,3,0,5,999,1391,14141.833333333332,1
1605,Shreya,38,55,57,3,42,10,7,11,3,2,0,0,8,40,333,91,1,3,1,3,2,4,6,5,699,875,9712.5,0
1606,hasini,6,73,40,0,21,23,3,23,4,5,1,0,80,18,343,89,0,1,0,2,2,1,6,4,999,1023,11696.300000000001,1
1607,Priya,49,26,125,3,8,12,2,0,1,3,1,2,38,28,230,151,0,2,0,8,1,2,5,3,399,415,3181.666666666667,1
1608,Aryan,16,109,173,1,37,21,13,14,8,1,1,0,75,38,313,15,0,0,1,2,1,1,5,5,199,303,3161.3,1
1609,Rahul,27,84,84,3,21,17,14,37,0,3,1,4,31,44,35,158,3,1,0,3,2,2,7,4,399,871,1016.1666666666667,0
1610,Sowmya,1,46,22,6,41,6,7,8,2,0,1,0,63,33,40,70,4,2,1,9,1,0,1,2,999,1535,2046.6666666666665,0
1611,Maira,19,109,159,5,0,14,10,11,1,5,1,3,47,39,198,156,1,1,1,1,0,3,6,1,399,599,3953.3999999999996,0
1612,Sana,56,1,20,2,31,7,10,35,8,4,1,2,42,31,352,15,3,0,0,2,1,3,6,4,299,739,8670.933333333332,1
1613,Akash,55,77,74,5,33,4,14,30,6,2,1,1,38,0,147,137,0,0,1,2,0,4,3,5,399,511,2503.9,0
1614,Ayaan,2,57,130,3,35,28,10,13,7,0,0,0,52,24,216,60,0,0,0,5,2,3,7,2,399,479,3448.8,1
1615,Komal,7,78,71,2,43,25,9,14,7,0,1,4,54,5,202,129,2,2,0,6,1,2,5,5,399,711,4787.4,1
1616,Pooja,51,40,82,0,25,6,2,9,1,3,1,4,52,37,128,66,0,1,1,6,2,2,7,1,499,515,2197.3333333333335,1
1617,Noor,3,37,2,5,14,17,3,29,8,1,1,3,25,44,243,135,4,1,1,8,2,4,1,3,999,1503,12174.3,1
1618,Tarun,9,15,169,0,23,1,12,35,3,0,0,4,57,41,218,150,2,3,1,7,0,4,2,3,999,1335,9701.0,1
1619,Ravi,20,60,121,6,18,7,12,33,8,3,1,0,56,41,155,131,2,2,1,6,1,2,0,5,499,835,4314.166666666667,0
1620,Yash,25,58,174,3,1,27,8,17,7,3,0,3,24,28,312,139,1,2,0,1,2,4,2,4,399,583,6063.2,1
1621,Chandana,52,114,63,0,42,24,8,38,4,0,1,3,50,20,77,36,0,3,0,6,2,1,0,1,699,763,1958.3666666666668,0
1622,Sravya,56,68,149,4,30,9,14,25,5,3,0,4,1,26,339,8,1,0,0,1,0,0,7,2,299,531,6000.3,0
1623,Tejaswi,36,52,120,4,35,4,10,33,0,3,1,4,30,9,230,162,1,2,1,3,0,1,6,3,699,899,6892.333333333334,1
1624,bhavya,28,89,173,4,19,3,5,32,7,3,0,2,87,2,71,89,3,0,0,4,0,3,7,5,999,1399,3310.9666666666667,0
1625,Yash,4,6,14,5,26,4,5,20,0,3,0,3,63,0,249,52,2,1,0,2,0,4,1,4,999,1279,10615.7,1
1626,Riya,10,27,175,3,36,26,8,16,9,0,0,0,1,15,259,119,0,0,1,3,2,4,7,5,299,363,3133.8999999999996,0
1627,Aryan,26,101,108,1,3,6,10,19,3,1,1,1,8,28,334,89,1,3,1,3,2,4,7,3,399,599,6668.866666666667,1
1628,Chandana,38,72,104,0,40,12,2,13,1,1,1,0,30,12,169,73,1,1,0,7,1,0,7,5,499,635,3577.166666666667,1
1629,Dhruv,44,62,13,2,3,22,6,34,7,2,0,1,36,18,197,156,2,0,1,3,1,1,5,1,999,1287,8451.3,0
1630,Khushi,26,30,63,4,20,28,12,7,5,3,1,2,39,35,315,130,3,2,0,2,2,0,7,5,399,855,8977.5,0
1631,Sravya,50,103,102,1,35,28,12,24,6,3,1,1,61,15,271,87,0,0,0,3,2,2,7,5,699,795,7181.5,0
1632,Tejaswi,44,57,130,5,14,18,9,32,9,5,1,3,85,40,253,103,0,2,0,5,0,2,5,3,299,371,3128.766666666667,0
1633,Dhruv,40,98,26,2,45,3,9,19,8,0,0,2,3,29,174,178,3,1,1,3,2,2,2,3,999,1431,8299.8,0
1634,Shreya,51,118,90,6,31,27,3,28,0,1,1,3,8,22,164,113,3,2,1,9,1,3,1,4,199,583,3187.0666666666666,0
1635,Harini,49,12,125,4,35,1,14,36,1,5,0,4,84,36,201,152,2,0,1,8,2,1,7,2,499,851,5701.7,1
1636,Rudra,59,60,66,1,4,7,2,25,9,2,1,2,77,14,154,67,3,0,0,7,2,3,3,5,499,875,4491.666666666667,0
1637,rohan,58,71,65,0,47,21,1,6,7,2,0,2,46,30,43,136,2,0,1,9,1,0,7,2,199,447,640.7,0
1638,Shruti,7,63,123,4,30,28,2,9,4,1,0,3,76,11,103,93,0,2,0,4,0,0,6,3,299,315,1081.5,0
1639,Kabir,14,117,52,1,12,23,5,33,2,3,1,0,70,31,167,92,2,1,0,4,1,2,7,2,999,1279,7119.766666666666,1
1640,Sonali,33,4,143,5,6,6,4,23,4,5,1,0,5,5,89,113,2,1,0,5,2,4,4,5,499,771,2287.3,0
1641,Ishaan,47,61,42,3,46,20,9,25,3,3,1,2,25,40,79,23,3,0,1,7,1,3,1,4,499,931,2451.633333333333,0
1642,Tanvi,32,62,74,1,33,20,14,37,0,5,1,1,63,41,48,22,1,2,1,5,0,2,7,3,199,431,689.6,0
1643,Arnav,59,3,163,1,2,16,11,39,7,1,1,3,31,44,363,141,0,1,0,6,0,1,6,5,199,287,3472.7,0
1644,Dhruv,14,73,152,1,10,1,2,33,5,3,1,4,0,31,237,132,3,2,1,5,2,1,1,3,199,575,4542.5,1
1645,Om,29,45,7,2,31,5,4,4,1,1,0,2,41,41,269,176,1,3,0,5,1,3,3,4,499,651,5837.3,1
1646,Deepika,14,86,145,1,22,7,12,25,8,4,0,1,84,37,78,162,3,1,1,1,2,2,6,4,499,955,2483.0,1
1647,Anusha,17,91,61,2,48,21,2,34,6,1,0,3,42,18,42,22,1,3,1,7,1,0,4,5,199,335,468.99999999999994,0
1648,Noor,58,57,36,1,39,22,4,28,2,0,1,3,6,16,111,4,3,1,1,7,2,4,6,1,499,891,3296.7000000000003,0
1649,Sakshi,22,52,51,2,42,27,11,19,6,1,1,3,33,40,313,34,0,2,0,6,0,0,5,3,399,487,5081.033333333334,0
1650,Shreya,25,84,68,2,26,10,4,37,3,0,1,2,79,24,220,159,4,0,0,2,0,1,6,5,699,1211,8880.666666666666,0
1651,Ayaan,5,45,61,4,6,4,4,2,9,0,1,2,75,23,175,116,0,3,1,6,2,0,1,3,299,331,1930.8333333333333,1
1652,Maira,15,77,158,6,5,1,7,14,5,2,1,4,3,23,275,106,4,0,0,1,1,4,7,1,399,935,8570.833333333332,0
1653,hasini,31,95,93,0,19,5,3,7,8,4,0,1,6,13,206,158,4,0,1,5,0,4,3,3,699,1203,8260.6,1
1654,Ritika,33,95,118,3,48,20,3,28,8,2,1,2,8,24,85,126,4,0,1,4,0,2,0,5,499,1003,2841.8333333333335,1
1655,Harsh,54,18,44,2,27,26,9,6,0,5,1,3,47,11,347,94,2,1,1,1,2,0,4,2,199,511,5910.566666666667,0
1656,Kavya,2,91,179,1,8,15,3,32,6,2,1,1,64,7,244,32,4,1,0,9,2,2,7,3,499,1003,8157.733333333333,1
1657,Ravi,24,27,121,1,17,14,11,30,6,3,1,2,86,15,140,153,0,3,0,6,0,1,4,4,999,1087,5072.666666666667,1
1658,Yamini,35,78,134,2,27,18,11,19,0,0,0,0,12,25,208,141,1,2,1,6,1,0,5,1,699,907,6288.533333333334,0
1659,Nandini,56,59,161,3,45,4,9,24,7,5,0,1,26,34,109,88,4,1,0,4,0,4,0,2,299,851,3091.9666666666667,0
1660,Harsh,36,87,122,0,2,11,12,36,5,1,0,4,39,3,331,98,0,0,0,3,2,4,3,2,399,495,5461.5,1
1661,Aditya,45,97,123,3,3,25,3,11,4,5,1,2,34,5,277,134,3,2,0,5,0,0,7,2,199,583,5383.033333333333,1
1662,Anjali,0,60,120,5,39,17,6,20,1,2,1,2,58,4,129,2,2,2,1,6,2,3,4,5,199,487,2094.1,0
1663,Sana,53,66,141,5,26,26,4,0,0,5,1,4,18,36,257,120,3,3,1,1,0,1,3,1,199,591,5062.9,0
1664,Chandana,52,106,157,4,23,2,8,19,6,1,0,4,16,22,50,159,3,0,0,6,1,2,7,2,299,723,1205.0,0
1665,Sai,7,3,76,3,14,9,13,25,8,0,1,1,38,40,238,69,3,0,1,8,1,1,6,1,699,1163,9226.466666666667,0
1666,neha,57,27,72,5,2,11,13,38,1,0,1,3,12,14,48,37,2,2,0,1,2,3,1,5,399,743,1188.8,0
1667,Ananya,28,67,93,1,0,5,10,12,5,4,1,2,56,34,127,115,1,3,0,3,0,4,3,3,199,399,1689.1000000000001,1
1668,Chandana,59,47,65,2,41,15,11,30,9,0,1,2,73,4,81,28,1,3,1,8,0,4,5,5,999,1207,3258.9,0
1669,veer,46,109,9,4,12,22,4,34,3,1,0,1,26,29,201,42,1,3,1,8,2,2,4,1,699,851,5701.7,0
1670,Deepika,14,82,12,5,49,26,5,26,3,2,0,3,54,22,192,140,2,3,0,8,0,0,7,4,999,1279,8185.6,1
1671,Yashwanth,49,91,44,6,6,19,11,35,6,0,0,2,23,36,112,7,0,3,0,3,1,2,5,1,699,787,2938.133333333333,1
1672,Anusha,14,12,172,3,23,7,13,39,6,4,1,3,65,26,312,79,3,0,0,6,0,2,7,3,499,963,10015.2,1
1673,Keerthi,24,101,178,2,16,29,14,30,1,3,0,1,51,12,233,137,3,2,1,4,1,4,4,2,999,1471,11424.766666666666,0
1674,Sowmya,0,50,10,2,5,27,6,24,1,3,1,1,57,31,144,12,1,0,0,8,1,2,3,5,399,567,2721.6,1
1675,Aarav,52,22,140,2,14,19,5,37,3,3,0,4,6,1,317,53,2,0,1,2,2,2,7,2,999,1279,13514.766666666666,0
1676,Reyansh,18,107,120,3,33,2,11,17,6,0,0,4,27,41,336,67,0,3,1,4,0,3,6,1,699,787,8814.4,0
1677,Harini,8,91,137,2,6,0,5,11,0,2,1,3,33,28,268,147,3,1,1,8,1,3,2,3,299,699,6244.400000000001,1
1678,Sravya,55,52,56,1,45,26,13,21,9,1,1,1,45,26,339,32,0,0,0,1,2,3,7,2,999,1103,12463.900000000001,0
1679,Om,15,103,88,3,1,18,4,16,9,4,1,0,76,31,77,41,4,3,0,1,0,1,2,4,299,811,2081.566666666667,0
1680,Swati,0,53,71,5,44,13,14,31,0,1,1,4,10,44,194,152,3,2,1,4,1,0,2,5,399,871,5632.466666666667,0
1681,Dhruv,47,39,157,5,41,3,14,14,4,0,1,1,15,5,288,16,1,1,1,7,2,2,7,2,499,731,7017.599999999999,0
1682,arjun,53,10,19,1,45,10,6,22,4,5,0,0,30,28,110,60,0,0,0,9,0,4,5,3,999,1047,3839.0,1
1683,Sravya,13,4,46,1,34,8,3,3,3,3,0,2,47,25,200,27,4,1,0,3,2,4,2,4,999,1503,10020.0,1
1684,Harini,21,108,77,6,45,24,11,26,6,5,0,3,59,32,281,24,4,3,1,1,2,2,5,3,399,967,9057.566666666668,0
1685,Arnav,30,24,54,0,24,14,2,6,6,4,0,0,4,19,30,152,2,2,0,7,1,3,3,4,299,555,555.0,1
1686,Ishaan,35,97,140,5,43,28,7,3,2,3,0,1,86,28,355,113,3,3,1,4,2,2,2,4,299,715,8460.833333333334,0
1687,ramya,32,73,101,5,2,19,11,6,8,5,1,4,81,36,313,12,2,2,0,8,0,1,0,2,499,827,8628.366666666667,0
1688,Shruti,52,113,175,6,19,21,14,25,2,3,1,1,80,10,167,124,2,1,0,2,2,1,2,1,499,851,4737.233333333334,0
1689,ShivaPrasad,43,68,85,3,43,5,13,0,2,0,0,0,45,29,88,138,2,3,1,9,0,3,1,3,699,1043,3059.4666666666662,0
1690,Nandini,44,54,52,5,49,9,10,2,7,0,1,0,85,36,284,133,4,1,0,5,0,3,7,2,999,1559,14758.533333333333,0
1691,Rahul,17,7,42,6,11,12,14,29,6,2,1,0,43,10,157,64,4,0,1,9,0,1,2,5,399,991,5186.233333333334,0
1692,Ravi,49,115,124,0,34,26,13,38,2,1,1,1,77,0,171,91,3,1,0,4,0,1,1,4,399,863,4919.1,0
1693,Khushi,24,100,37,2,9,9,1,10,6,0,0,4,19,43,210,34,2,3,0,2,2,1,5,3,999,1247,8729.0,1
1694,Pavani,40,75,13,4,20,24,5,33,6,2,0,0,80,25,235,0,0,3,0,6,1,2,1,2,999,1039,8138.833333333333,0
1695,ramya,37,80,165,0,35,2,2,21,9,5,1,0,57,9,90,44,1,1,1,9,2,1,1,1,699,835,2505.0,1
1696,Alisha,46,14,150,0,8,18,1,10,6,3,0,4,63,5,325,18,0,1,0,2,0,2,0,2,999,1007,10909.166666666668,1
1697,Payal,33,15,5,5,37,17,14,7,5,5,1,2,48,3,324,39,0,2,0,9,2,0,2,2,399,511,5518.8,1
1698,Vivaan,53,24,147,3,10,15,4,32,8,2,0,4,84,15,224,115,1,3,0,9,2,0,1,4,399,551,4114.133333333333,1
1699,Padma,39,98,123,2,1,27,9,36,3,5,1,4,49,25,153,162,2,1,0,5,0,4,1,3,999,1311,6686.099999999999,0
1700,arjun,45,97,151,1,22,0,4,14,6,2,0,3,24,21,41,169,4,3,1,8,0,1,0,2,999,1511,2065.0333333333333,0
1701,Aditi,4,56,88,4,38,29,12,25,7,2,1,0,29,22,289,142,2,2,1,7,1,2,5,5,699,1035,9970.5,0
1702,Navya,48,81,70,2,42,21,7,27,2,1,0,1,25,16,37,172,2,1,1,7,1,0,5,4,499,795,980.5,0
1703,Padma,37,63,58,2,26,16,1,3,7,4,1,4,30,18,146,166,2,1,1,1,0,2,5,1,299,547,2662.0666666666666,1
1704,ramya,7,95,23,5,29,6,6,32,9,5,0,1,2,40,301,79,4,0,1,2,1,0,7,4,699,1227,12310.9,0
1705,Isha,2,52,13,6,45,2,11,20,3,4,0,3,9,35,195,47,1,3,0,8,1,3,3,3,299,507,3295.5,1
1706,ShivaPrasad,14,54,130,4,37,22,4,28,4,2,1,3,53,35,362,17,2,2,0,5,1,4,4,2,499,771,9303.4,1
1707,Sneha,47,91,123,0,12,7,6,2,3,4,1,1,59,33,67,179,2,1,0,2,0,0,6,1,999,1287,2874.3,0
1708,Vedant,49,36,162,4,48,29,9,15,7,3,1,0,45,22,242,66,1,3,0,6,1,2,5,2,399,591,4767.4,0
1709,Aarav,9,90,94,1,46,8,3,23,3,0,1,0,72,21,253,166,0,0,0,7,0,1,3,5,699,723,6097.3,1
1710,neha,15,93,148,3,18,21,8,39,9,4,1,4,19,31,282,160,3,2,1,9,2,3,0,4,699,1123,10556.2,1
1711,Yamini,21,110,54,2,21,1,1,36,9,2,1,2,58,0,194,35,1,0,0,4,2,4,7,5,999,1127,7287.933333333333,0
1712,Aryan,33,90,33,3,34,1,9,34,0,1,0,3,86,43,316,2,0,1,1,9,0,3,4,5,699,771,8121.2,0
1713,Rida,49,79,157,4,1,29,3,17,6,2,1,2,23,42,226,62,0,3,0,3,2,2,0,3,499,523,3939.9333333333334,0
1714,Kavya,7,71,12,0,43,1,12,36,7,2,0,1,0,42,138,148,0,2,0,1,0,2,4,1,299,395,1816.9999999999998,1
1715,Varsha,53,88,117,0,41,26,12,2,4,1,1,1,55,12,193,152,0,1,1,7,2,3,4,5,699,795,5114.5,0
1716,Komal,59,84,120,4,13,24,13,22,4,4,0,4,36,33,76,25,3,3,1,8,0,3,0,2,999,1463,3706.2666666666664,0
1717,Arjun,30,23,48,3,41,7,2,19,5,1,1,3,51,26,255,136,3,2,1,6,2,0,5,2,999,1375,11687.5,1
1718,arjun,51,98,4,4,35,22,9,13,9,5,0,2,29,24,147,3,2,1,1,1,0,0,0,5,499,811,3973.9,1
1719,Meera,33,107,118,6,31,9,11,9,5,3,1,2,78,32,56,22,0,1,0,8,1,0,6,2,699,787,1469.0666666666666,0
1720,Alisha,16,96,79,1,19,22,12,16,4,1,1,3,18,8,191,135,3,0,1,1,2,4,7,2,499,955,6080.166666666666,1
1721,Swati,23,53,157,6,0,25,3,38,2,5,0,2,80,2,93,133,4,2,0,9,1,3,4,3,399,903,2799.3,1
1722,Preeti,3,119,58,4,21,12,8,31,8,3,0,1,4,34,154,172,0,1,1,4,2,3,2,4,199,263,1350.0666666666668,1
1723,Sonali,17,61,49,5,17,21,4,14,9,1,0,1,70,32,271,126,1,3,1,7,1,2,0,3,499,651,5880.7,1
1724,Amrutha,29,75,35,2,17,2,4,15,1,3,1,2,9,1,322,3,2,0,1,8,0,1,3,2,499,771,8275.4,0
1725,Amrutha,47,52,162,2,45,12,4,31,4,4,0,2,35,12,239,125,4,3,0,4,2,1,6,3,199,711,5664.3,1
1726,Aditya,40,114,6,2,11,16,12,21,9,3,1,1,45,24,87,148,1,1,1,2,2,4,7,3,999,1215,3523.5,0
1727,Sai,18,79,169,4,1,0,9,0,0,4,1,3,77,14,66,164,3,1,1,1,2,4,2,4,299,731,1608.2,1
1728,Hema,58,85,98,3,26,27,2,19,7,4,0,3,27,5,162,5,3,0,0,9,1,4,5,4,299,675,3645.0000000000005,0
1729,Neeraj,27,26,125,0,9,9,6,4,9,5,0,0,83,41,72,129,4,2,0,9,0,2,5,4,499,1027,2464.7999999999997,1
1730,Swati,23,95,179,5,47,12,14,4,9,0,0,3,8,42,116,89,3,2,0,7,2,4,6,5,999,1471,5687.866666666667,0
1731,Manish,32,104,6,4,34,4,7,34,1,2,0,4,68,15,111,39,0,2,1,1,1,3,3,1,999,1055,3903.5,0
1732,Sakshi,24,105,51,0,10,6,10,38,6,1,1,2,26,41,66,41,2,2,1,7,2,4,6,3,499,819,1801.8000000000002,0
1733,Kunal,53,45,64,5,4,8,11,26,3,1,0,4,38,15,63,99,1,0,1,7,0,4,3,4,199,407,854.7,0
1734,Alisha,11,26,42,2,6,21,8,18,8,1,1,1,78,6,73,8,2,0,0,2,1,1,0,2,299,603,1467.3,1
1735,Aditya,6,44,75,3,22,2,12,25,0,0,0,2,5,30,163,129,2,3,1,2,0,1,1,3,199,535,2906.8333333333335,1
1736,Ishita,25,88,10,3,14,3,14,39,1,4,0,3,39,35,246,160,1,2,1,5,2,3,2,4,699,931,7634.199999999999,1
1737,Deepak,27,36,7,0,27,11,14,20,4,4,0,4,77,18,292,100,4,1,0,6,1,1,6,5,199,791,7699.066666666666,1
1738,Maira,24,90,88,3,37,2,5,24,6,3,1,4,60,9,76,16,4,3,0,4,1,1,4,4,699,1219,3088.133333333333,0
1739,Maira,50,74,85,1,8,19,6,11,9,1,1,2,61,35,163,168,1,2,0,9,1,3,6,4,499,667,3624.0333333333333,0
1740,Yash,38,108,96,2,8,18,2,20,7,4,0,3,68,39,35,44,0,1,0,9,2,1,7,5,699,715,834.1666666666667,0
1741,Abhishek,13,77,74,0,32,9,3,29,9,4,1,1,49,41,47,101,4,1,0,5,2,3,0,3,699,1203,1884.7,1
1742,Harsh,3,79,145,0,5,7,6,2,0,5,0,2,67,3,245,164,1,0,0,6,1,2,5,4,999,1167,9530.5,1
1743,Chandana,56,9,10,5,24,4,14,1,2,4,0,4,43,31,52,4,4,2,0,5,1,1,0,2,699,1291,2237.7333333333336,0
1744,Payal,49,116,47,6,9,18,10,6,6,0,1,2,87,4,237,144,2,3,1,6,1,4,2,2,999,1319,10420.1,0
1745,Harini,38,32,4,3,39,26,7,8,1,1,1,0,56,12,356,139,0,3,0,6,0,1,0,5,399,455,5399.333333333334,1
1746,Krishna,52,74,142,5,49,3,5,25,5,0,1,1,32,38,183,144,4,3,0,4,0,1,4,2,399,919,5605.9,0
1747,Yash,31,23,21,2,49,18,8,8,5,1,0,0,58,23,89,74,4,3,1,3,2,2,0,5,999,1543,4577.566666666667,0
1748,Farah,41,14,73,5,35,25,11,32,9,0,1,2,89,38,151,24,0,1,1,3,1,2,7,4,699,787,3961.233333333333,0
1749,Ayaan,59,18,5,6,19,16,12,5,7,0,0,1,8,32,152,149,3,0,1,4,1,3,3,2,199,655,3318.6666666666665,0
1750,Sonali,16,39,12,5,19,7,5,38,2,5,1,3,80,30,117,125,1,0,0,7,2,4,1,5,999,1159,4520.099999999999,1
1751,Tarun,21,51,74,3,2,16,6,34,5,3,0,3,42,20,311,166,0,1,0,3,1,3,2,1,399,447,4633.900000000001,1
1752,Diya,0,46,168,1,37,7,9,20,1,4,1,1,72,22,167,170,2,3,1,9,0,2,1,3,699,1011,5627.9,1
1753,Nisha,55,15,39,4,36,26,5,7,0,0,0,4,76,27,118,95,2,0,1,1,2,4,7,2,699,979,3850.733333333333,0
1754,Navya,10,50,83,0,19,1,12,16,5,4,1,1,37,29,57,65,2,1,1,3,0,4,1,5,399,735,1396.5,1
1755,Sneha,43,103,129,5,17,2,14,33,0,0,1,1,13,37,37,89,2,3,0,1,0,0,0,4,699,1051,1296.2333333333333,0
1756,Payal,42,33,129,0,19,3,7,10,7,1,0,2,40,34,362,147,1,2,0,5,2,2,0,4,199,375,4525.0,1
1757,Shruti,34,110,130,2,16,26,12,14,5,0,1,0,73,2,195,169,0,0,0,2,2,1,6,4,299,395,2567.5,0
1758,Shruti,21,73,162,3,23,17,9,1,6,3,0,2,34,3,136,38,2,0,1,5,1,0,1,3,199,511,2316.5333333333333,0
1759,Shaurya,36,70,143,5,49,8,1,27,1,5,0,2,52,32,148,22,4,0,0,7,1,2,2,4,699,1187,5855.866666666667,0
1760,Akash,30,24,20,1,20,15,4,18,4,2,1,1,22,34,75,40,0,1,1,5,2,1,4,5,699,731,1827.5,1
1761,Keerthana,48,27,102,5,40,3,10,33,8,5,0,4,88,2,110,4,3,0,0,1,1,2,3,2,699,1139,4176.333333333333,0
1762,Nikhil,26,43,89,5,2,11,3,10,9,0,1,4,1,36,167,167,3,3,1,2,2,2,4,1,699,1083,6028.7,0
1763,neha,49,82,152,2,41,8,11,9,8,0,1,4,10,34,252,165,3,1,1,5,1,2,3,4,399,847,7114.8,0
1764,Aditya,15,80,61,5,22,8,5,18,0,3,0,2,55,2,284,147,4,1,0,1,0,0,6,2,299,819,7753.2,1
1765,Sneha,24,36,124,5,48,5,4,18,5,2,1,0,33,39,121,70,3,2,0,7,0,0,0,1,299,691,2787.0333333333333,0
1766,Deepika,24,2,5,1,28,7,10,11,2,1,0,2,24,32,320,1,3,1,1,5,0,2,7,1,499,939,10016.0,1
1767,Vedant,31,111,23,0,20,10,12,31,9,4,1,4,49,33,330,51,3,2,1,3,0,2,2,1,299,755,8305.0,1
1768,Simran,39,10,86,1,21,3,4,32,9,3,0,2,19,8,154,42,1,0,1,2,0,3,3,4,399,551,2828.4666666666667,0
1769,Madhuri,44,16,38,4,32,19,7,31,9,4,1,3,39,7,318,106,3,1,0,8,0,0,5,3,399,815,8639.0,1
1770,Jashwanth,55,90,67,0,20,7,10,22,9,0,1,4,26,41,277,129,0,1,1,8,2,1,2,3,299,379,3499.433333333333,0
1771,Pranav,36,61,65,2,45,28,1,21,8,5,1,1,83,4,50,93,4,1,0,4,0,0,6,2,199,687,1145.0,0
1772,Aarav,55,44,93,6,6,9,13,24,0,5,1,2,57,44,194,94,3,0,1,2,2,2,6,1,399,863,5580.733333333334,0
1773,Atharv,49,85,147,1,4,3,9,18,6,0,0,2,20,27,133,1,2,1,0,8,2,1,2,4,699,1011,4482.1,0
1774,Ishita,32,72,90,1,36,14,12,35,4,3,1,3,5,0,345,99,1,2,0,3,2,1,2,2,199,415,4772.5,1
1775,Dhruv,49,39,152,5,47,24,8,29,4,0,1,2,33,43,81,116,1,1,0,5,0,3,6,2,499,683,1844.1000000000001,0
1776,Ananya,4,44,151,6,20,22,13,24,9,4,0,3,28,25,219,13,1,1,1,9,1,4,3,1,699,923,6737.9,1
1777,Pranav,42,61,56,6,8,2,13,9,9,2,1,0,38,28,176,41,3,3,0,8,0,0,1,3,699,1163,6822.9333333333325,0
1778,Amit,42,51,40,0,15,22,3,21,5,4,0,4,62,40,31,112,0,3,0,9,2,0,0,3,399,423,437.1,1
1779,Vivaan,32,65,142,6,19,4,8,3,3,1,1,2,77,28,76,22,4,0,1,9,2,2,0,3,999,1543,3908.933333333333,0
1780,Anjali,32,34,171,6,19,5,8,26,2,2,1,3,50,12,284,64,4,1,1,9,1,2,7,2,999,1543,14607.066666666668,0
1781,Divya,43,54,50,1,24,5,9,3,4,1,0,2,51,4,353,67,4,2,1,2,1,3,4,4,499,1051,12366.766666666668,0
1782,Varun,19,48,65,3,4,19,8,29,6,3,0,0,5,18,344,62,2,1,0,6,0,4,5,5,299,603,6914.4,1
1783,Chandana,25,23,107,1,22,5,4,29,9,0,1,1,38,35,172,136,0,0,1,6,2,0,0,2,999,1031,5911.066666666667,0
1784,Aryan,49,90,99,6,23,6,11,33,0,2,0,4,37,21,70,53,1,2,1,2,1,1,6,3,199,407,949.6666666666667,0
1785,Yashwanth,6,28,139,3,20,4,7,26,6,5,0,1,75,38,68,24,4,2,1,8,2,3,2,2,499,1035,2346.0,0
1786,Manasa,49,64,4,3,32,7,14,19,8,4,1,4,65,2,251,130,2,1,1,5,0,0,4,1,399,751,6283.366666666667,0
1787,ramya,57,4,43,3,48,19,14,34,6,3,0,1,78,10,134,25,3,1,0,4,1,2,7,4,699,1171,5230.466666666667,0
1788,Madhuri,4,98,149,6,12,22,1,21,6,1,1,1,79,13,276,103,1,3,0,1,1,0,0,5,199,327,3008.3999999999996,1
1789,Sai,34,18,106,2,2,11,1,26,8,0,0,4,22,14,121,123,4,2,1,3,0,0,4,3,199,687,2770.9,0
1790,hasini,55,81,165,3,10,27,12,6,8,4,0,4,49,36,198,25,3,2,1,9,1,3,4,2,699,1155,7623.0,0
1791,Varun,0,73,114,2,36,23,12,23,7,0,1,0,46,1,338,179,2,3,1,1,1,3,4,5,699,1035,11661.0,1
1792,Amit,33,45,99,3,40,27,5,16,0,1,0,3,73,44,288,114,0,0,0,1,2,0,2,3,399,439,4214.4,0
1793,hasini,22,52,46,3,17,27,11,23,6,1,1,1,40,31,319,178,4,2,0,3,2,2,6,1,999,1567,16662.433333333334,1
1794,Pooja,11,23,62,6,43,7,4,8,3,4,0,4,71,0,158,155,4,0,1,5,0,1,4,1,199,711,3744.6,1
1795,Abhishek,45,30,34,2,41,22,8,25,6,1,1,4,33,40,63,163,4,0,0,1,0,1,0,3,199,743,1560.3,0
1796,Sakshi,9,44,32,6,31,29,9,26,8,1,0,1,42,39,50,144,3,3,1,9,2,1,3,1,499,931,1551.6666666666667,1
1797,Sneha,28,116,151,3,46,4,5,15,9,4,0,2,85,2,282,133,2,2,1,2,0,4,3,1,199,479,4502.6,1
1798,Shreya,35,9,78,4,21,15,9,19,6,1,1,2,84,25,86,134,0,2,0,4,2,3,0,3,399,471,1350.2,0
1799,Arjun,56,35,160,1,2,2,7,22,6,2,0,2,79,6,147,163,3,3,1,1,1,4,1,2,499,915,4483.5,1
1800,Sneha,38,79,36,6,14,19,7,37,8,4,0,1,37,20,43,45,0,1,1,3,0,1,2,4,299,355,508.8333333333333,0
1801,Krishna,39,5,138,1,9,21,1,39,3,1,0,2,1,29,197,122,2,1,1,8,1,4,6,4,499,747,4905.3,0
1802,Akash,1,90,2,2,23,7,14,39,6,2,0,4,79,17,80,42,2,3,1,3,1,3,6,2,699,1051,2802.6666666666665,1
1803,Hema,46,72,42,6,39,25,13,16,4,2,1,4,15,12,175,89,1,3,1,1,1,2,1,5,299,523,3050.833333333333,0
1804,Varsha,55,55,162,3,1,16,12,18,0,4,0,1,89,18,312,77,2,2,0,8,2,4,3,3,699,1035,10764.0,0
1805,Navya,20,109,65,4,45,4,12,1,6,4,1,0,34,1,38,53,2,2,1,1,2,0,7,5,499,835,1057.6666666666665,0
1806,Vedant,43,48,153,0,33,24,12,25,6,1,1,2,38,3,146,131,0,1,0,6,0,2,3,5,199,295,1435.6666666666665,0
1807,Komal,44,64,70,1,34,16,12,30,5,2,1,0,58,28,340,138,3,3,1,8,0,2,6,2,999,1455,16490.0,0
1808,Rudra,30,92,162,6,11,5,11,10,6,5,0,4,6,20,232,22,3,2,0,7,2,3,7,3,399,847,6550.133333333333,0
1809,Isha,4,94,119,5,25,11,13,17,1,4,0,2,3,16,99,59,2,1,0,3,2,4,2,1,499,843,2781.8999999999996,0
1810,Tanvi,34,84,90,0,38,5,4,13,8,3,0,4,66,3,313,156,1,0,1,8,1,2,0,1,399,551,5748.766666666666,1
1811,Muskan,45,8,177,0,23,5,9,28,6,4,0,2,42,25,344,110,3,3,0,8,2,0,3,5,299,731,8382.133333333333,1
1812,Neeraj,21,78,107,2,4,9,6,25,8,2,0,2,50,18,338,171,0,0,0,5,0,2,1,3,699,747,8416.2,1
1813,Yamini,40,102,117,0,32,17,10,35,0,2,0,0,10,26,84,80,1,1,1,2,0,2,5,2,699,899,2517.2,0
1814,Ishaan,13,62,119,1,27,12,12,4,0,5,0,4,12,23,51,7,3,3,1,1,0,2,2,2,499,955,1623.5,1
1815,Noor,58,98,96,3,46,13,14,7,4,2,1,2,20,16,213,141,2,2,0,2,0,1,4,2,699,1051,7462.099999999999,0
1816,Sana,31,5,5,2,2,0,5,32,7,0,0,2,72,14,135,115,0,3,0,5,0,3,1,4,399,439,1975.5,1
1817,Kavya,8,42,172,3,12,18,5,37,1,2,0,3,21,36,31,128,3,2,0,9,2,0,6,3,399,799,825.6333333333334,1
1818,Bhavya,1,115,30,0,21,27,9,17,5,3,0,4,29,17,311,21,3,1,1,8,0,1,2,5,999,1431,14834.7,1
1819,Lakshmi,11,99,80,6,20,14,2,29,9,4,0,2,24,17,229,104,0,1,0,5,1,0,0,3,199,215,1641.1666666666667,0
1820,Ayaan,30,119,161,2,7,18,10,19,8,5,1,2,86,37,142,1,0,0,0,9,1,3,6,1,699,779,3687.266666666667,0
1821,Karthik,43,117,126,1,11,28,2,36,6,5,1,2,42,16,308,138,2,3,1,9,0,4,7,2,699,955,9804.666666666668,1
1822,Ananya,15,47,8,0,19,24,6,20,1,4,0,3,54,6,37,50,0,3,1,7,0,4,4,5,399,447,551.3000000000001,1
1823,Ishaan,40,112,109,5,21,21,11,26,9,3,0,2,22,16,309,169,0,3,1,2,1,0,4,3,499,587,6046.1,0
1824,Deepika,21,78,131,2,13,22,8,0,9,1,0,1,25,38,276,156,1,0,1,7,1,2,3,3,199,383,3523.6,1
1825,Anusha,14,75,134,0,47,1,5,31,8,5,1,1,53,22,339,33,0,3,1,1,2,3,7,5,199,239,2700.7000000000003,1
1826,Madhuri,50,29,116,2,19,4,11,35,9,5,0,2,55,37,324,165,3,2,0,3,0,4,1,5,499,947,10227.6,1
1827,Abhishek,20,9,47,0,30,21,8,12,0,3,1,4,29,37,311,91,3,1,0,5,2,4,6,3,399,823,8531.766666666666,1
1828,Bhavya,25,45,22,4,24,0,12,7,4,0,0,1,37,26,150,54,1,2,1,1,0,3,0,3,299,515,2575.0,0
1829,Ravi,40,44,39,0,35,9,10,30,0,3,1,0,22,21,357,31,3,3,1,6,2,2,4,4,499,939,11174.1,1
1830,Rashmi,46,110,148,2,41,18,2,17,9,4,1,2,32,26,247,90,1,2,1,3,0,2,3,1,299,435,3581.4999999999995,0
1831,Muskan,29,58,20,1,22,25,6,6,7,2,0,4,4,35,135,158,1,0,1,2,1,3,2,4,299,467,2101.5,1
1832,priya,23,7,77,5,10,12,12,21,5,1,0,1,44,11,242,16,0,3,0,1,2,1,6,1,399,495,3993.0,1
1833,Rahul,52,45,166,2,21,24,8,27,1,3,0,3,44,13,299,179,2,0,1,8,2,0,1,3,199,503,5013.233333333334,1
1834,Preeti,49,40,112,1,6,26,2,27,7,5,1,4,63,18,140,144,3,0,0,8,2,2,2,4,499,875,4083.3333333333335,1
1835,Shruti,55,16,2,3,47,29,1,20,0,0,1,4,71,6,269,91,1,0,0,2,0,4,0,1,699,827,7415.433333333333,0
1836,Kavya,6,114,13,3,17,25,13,21,7,1,0,4,23,1,102,169,1,0,0,6,1,4,6,1,699,923,3138.2,1
1837,bhavya,43,24,115,5,15,20,1,17,1,4,1,1,31,18,247,46,4,2,0,3,2,4,1,1,199,687,5656.299999999999,1
1838,Karthik,14,35,133,0,0,26,7,4,9,0,1,1,58,20,53,57,0,1,1,3,1,4,5,4,199,255,450.5,1
1839,hasini,40,96,165,0,5,9,12,3,7,1,1,0,3,37,306,90,0,2,1,6,2,4,4,2,999,1095,11169.0,1
1840,Riya,37,42,59,2,27,20,14,30,3,3,1,4,23,42,134,24,1,0,0,1,0,1,5,3,399,631,2818.4666666666667,0
1841,Sneha,6,94,67,6,3,14,6,28,7,5,1,1,44,12,55,25,4,0,0,1,1,1,7,5,399,927,1699.5,0
1842,Tarun,28,115,104,6,35,7,2,0,8,1,1,1,77,29,130,8,3,3,1,9,1,3,7,3,999,1375,5958.333333333333,0
1843,Ankit,55,90,128,1,43,6,12,12,2,0,0,0,23,16,40,178,0,3,1,6,1,3,1,1,499,595,793.3333333333333,0
1844,Rudra,10,26,131,4,36,19,4,35,6,2,0,1,57,19,286,24,4,3,0,1,1,2,0,4,499,1011,9638.2,1
1845,Alisha,46,110,86,6,42,8,9,27,9,5,0,0,41,19,307,148,3,2,0,4,1,0,2,1,299,731,7480.566666666666,1
1846,Payal,28,23,111,5,31,10,13,21,9,3,0,1,55,14,202,179,0,3,0,4,1,4,3,3,299,403,2713.5333333333333,1
1847,Pavani,6,21,130,2,29,22,9,2,8,2,0,4,43,37,234,71,0,2,1,6,2,2,7,1,199,271,2113.7999999999997,1
1848,Bhavya,30,88,114,0,30,23,4,30,5,5,0,2,51,42,289,133,1,0,0,6,1,4,6,2,499,651,6271.299999999999,1
1849,Sravya,34,45,149,0,33,10,14,11,3,5,1,3,46,7,72,61,3,2,0,8,2,3,4,3,499,971,2330.4,1
1850,Yamini,13,26,82,4,37,27,10,24,4,5,0,2,34,17,273,90,2,1,0,3,1,2,2,4,399,719,6542.9,1
1851,Pavani,36,69,2,2,33,25,3,36,0,3,0,4,66,10,290,160,0,2,1,2,1,1,5,5,999,1023,9889.0,1
1852,Ishita,19,102,168,0,39,24,9,5,3,2,1,0,67,38,163,82,2,1,1,7,0,2,0,2,999,1311,7123.1,0
1853,Shreya,47,72,157,2,26,29,9,13,0,5,0,0,11,15,279,16,1,0,1,6,2,1,3,3,499,691,6426.3,0
1854,Ayesha,2,91,46,4,31,0,11,17,2,0,0,0,78,17,292,67,1,0,0,4,2,2,6,3,399,607,5908.133333333333,1
1855,ShivaPrasad,52,105,17,1,6,15,3,25,1,5,0,1,52,7,68,88,2,2,0,6,0,2,6,3,699,963,2182.7999999999997,0
1856,Sowmya,37,85,57,3,19,5,13,33,6,4,0,3,22,44,283,62,4,0,0,6,2,4,3,2,399,983,9272.966666666667,1
1857,Keerthana,59,87,42,2,17,22,8,31,9,2,0,0,51,20,313,94,2,3,1,5,2,4,3,3,399,703,7334.633333333333,1
1858,Komal,10,96,142,2,39,15,5,6,9,5,0,4,50,4,207,136,4,3,1,3,1,1,1,4,399,919,6341.1,1
1859,Siddharth,28,102,16,6,40,22,4,19,5,0,0,4,64,34,289,175,0,1,1,5,2,2,1,4,999,1031,9931.966666666665,0
1860,Khushi,58,38,134,4,10,20,13,9,1,5,1,0,40,14,212,34,2,2,0,4,0,2,6,2,299,643,4543.866666666667,0
1861,Ravi,52,19,40,5,15,2,9,7,4,4,0,0,36,43,297,89,0,0,1,9,2,1,7,2,499,571,5652.900000000001,1
1862,ramya,13,24,149,6,22,5,11,38,0,5,1,0,32,6,210,5,4,1,1,2,2,2,6,1,699,1267,8869.0,0
1863,Pranav,32,55,107,3,40,4,8,6,2,4,0,1,64,20,76,158,4,1,1,5,2,0,5,1,299,843,2135.6,1
1864,Sana,45,19,17,1,21,28,13,21,7,4,0,0,58,18,97,161,3,1,0,8,0,3,6,1,699,1163,3760.366666666667,1
1865,Kabir,27,17,78,1,12,15,10,8,3,3,0,0,1,30,244,148,2,2,1,4,0,0,4,2,499,819,6661.2,1
1866,Sana,27,83,13,5,32,18,7,32,5,5,0,2,0,35,335,25,4,1,1,2,2,4,7,3,499,1035,11557.5,0
1867,Ishaan,38,40,48,2,12,10,11,4,2,1,0,2,63,34,57,123,2,2,1,7,1,4,5,5,399,727,1381.3,0
1868,Sandeep,8,51,26,1,14,5,14,34,9,5,0,3,51,6,180,10,1,0,0,1,2,3,7,2,199,431,2586.0,1
1869,Keerthi,57,117,90,3,10,21,6,26,9,5,1,1,20,10,143,136,0,0,0,1,0,4,0,4,999,1047,4990.7,0
1870,Keerthana,55,65,159,6,4,13,13,1,2,3,1,1,53,7,140,21,1,3,1,3,1,1,6,3,299,523,2440.666666666667,0
1871,Keerthi,47,110,23,1,13,19,12,6,4,2,0,2,49,4,319,99,3,3,1,8,2,1,1,3,499,955,10154.833333333332,0
1872,Amrutha,14,103,38,1,14,26,11,3,4,5,0,3,36,19,40,42,1,1,1,9,2,4,1,3,299,507,676.0,1
1873,Divya,54,32,175,5,16,13,6,21,7,3,0,3,32,0,328,71,2,0,1,6,0,2,0,1,999,1287,14071.2,0
1874,muzammil,27,62,71,3,36,10,3,27,5,5,1,3,83,34,79,164,4,1,1,8,1,3,6,1,399,903,2377.9,1
1875,Hema,17,32,51,6,25,28,4,2,8,3,1,2,52,4,261,155,4,3,1,3,1,2,3,4,199,711,6185.7,1
1876,neha,38,4,95,2,49,1,8,11,1,2,0,2,42,25,45,157,1,0,1,6,2,0,2,3,699,883,1324.5,0
1877,Aditya,4,74,110,2,8,1,5,19,2,2,0,0,12,42,64,168,0,2,0,2,2,4,2,3,299,339,723.2,1
1878,Vedant,50,73,163,5,20,22,7,15,6,3,1,4,88,22,201,31,1,0,1,1,1,0,5,5,299,475,3182.5,0
1879,neha,56,67,114,2,27,9,11,0,0,2,0,2,49,39,136,155,4,3,1,9,0,0,3,4,199,767,3477.0666666666666,0
1880,Amit,44,101,22,3,16,15,9,21,3,3,0,1,5,12,349,163,2,2,0,4,1,1,1,5,199,511,5944.633333333333,1
1881,Nandini,52,28,4,3,26,9,4,14,5,5,1,0,63,0,123,75,2,2,1,3,1,3,3,4,299,571,2341.1,1
1882,Reyansh,39,50,79,3,25,9,7,15,0,2,1,1,2,27,208,148,4,1,1,5,2,4,1,5,699,1235,8562.666666666666,1
1883,Khushi,12,53,123,3,7,25,3,16,4,4,0,4,70,25,209,91,1,0,1,3,1,1,2,4,299,443,3086.2333333333336,1
1884,Krishna,9,93,2,4,22,17,2,3,4,3,0,0,84,27,58,138,3,2,0,7,2,1,3,5,999,1375,2658.3333333333335,1
1885,Rahul,24,30,124,6,43,1,10,33,8,2,1,0,4,32,77,115,3,3,0,7,1,4,7,1,999,1439,3693.433333333334,0
1886,Sana,30,84,116,3,40,24,11,14,4,3,0,0,73,26,330,154,0,0,0,8,0,4,6,1,699,787,8657.0,1
1887,Sneha,44,106,31,0,19,4,13,26,6,5,0,0,55,18,239,65,1,3,0,7,0,1,7,2,999,1223,9743.233333333334,0
1888,Madhuri,43,34,29,0,5,15,6,22,3,5,1,0,35,24,31,23,4,0,1,5,2,3,3,4,499,1027,1061.2333333333333,1
1889,Ankit,37,55,94,0,22,24,14,7,4,4,1,3,67,4,32,102,3,3,0,2,0,2,2,2,999,1471,1569.0666666666666,1
1890,roshan,32,43,112,4,23,29,3,39,1,5,0,3,30,28,108,178,1,1,1,3,1,4,0,5,699,843,3034.8,1
1891,Nikhil,22,101,79,2,45,29,1,12,5,3,0,2,46,38,247,150,4,1,1,5,1,3,7,1,499,987,8126.299999999999,1
1892,hasini,34,70,158,6,42,9,14,31,5,1,1,1,52,38,78,119,3,2,1,5,1,4,6,4,299,771,2004.6000000000001,0
1893,Ishaan,28,106,148,0,34,22,5,20,8,2,0,3,41,11,59,153,4,2,0,9,1,4,0,2,399,919,1807.3666666666666,1
1894,Ankit,36,22,126,3,2,18,4,3,3,4,0,0,44,19,140,101,2,3,0,6,0,4,2,3,399,671,3131.3333333333335,0
1895,Aarav,10,35,178,1,30,9,4,16,4,2,0,2,61,20,214,73,4,0,0,9,0,2,5,3,699,1211,8638.466666666667,1
1896,Preeti,45,68,157,4,48,27,1,18,2,4,0,4,82,33,124,130,3,0,0,3,2,1,7,3,299,667,2756.9333333333334,0
1897,Payal,1,90,82,0,47,13,10,26,8,3,0,2,12,31,206,101,2,1,0,6,2,1,1,3,399,719,4937.133333333333,1
1898,Noor,39,43,156,6,19,15,6,14,1,3,1,0,18,37,60,157,0,3,1,1,0,2,3,2,999,1047,2094.0,0
1899,Tarun,1,74,156,3,41,0,11,9,2,5,1,4,27,43,329,86,1,0,0,7,1,1,0,5,699,907,9946.766666666666,1
1900,Isha,32,71,26,1,24,3,8,33,8,4,0,3,28,15,132,109,1,0,1,6,0,0,4,3,299,483,2125.2000000000003,0
1901,Shruti,9,8,175,5,34,22,8,18,3,2,0,3,44,40,76,79,1,2,1,8,2,2,2,4,299,483,1223.6,1
1902,Khushi,44,69,120,1,22,12,6,12,9,4,1,2,32,41,93,156,1,1,0,8,1,0,4,4,999,1167,3617.7000000000003,0
1903,ramya,59,117,37,6,48,19,10,33,3,5,1,2,74,17,313,15,4,1,1,9,1,0,2,4,999,1559,16265.566666666668,0
1904,Lakshmi,38,14,47,2,0,9,3,17,3,4,0,0,7,24,336,62,3,1,0,7,1,3,6,2,499,883,9889.599999999999,1
1905,Keerthana,4,70,54,5,19,22,12,24,6,1,1,3,7,35,309,76,0,0,1,9,0,2,1,3,999,1095,11278.5,0
1906,Vivaan,10,105,36,3,29,8,6,18,3,1,1,1,65,40,49,165,2,0,0,5,1,2,4,1,299,587,958.7666666666667,1
1907,Ayesha,14,7,140,3,1,11,1,10,3,1,0,4,68,12,181,132,3,2,0,2,0,0,0,5,699,1067,6437.566666666667,1
1908,Lakshmi,33,69,46,3,44,2,4,13,2,2,0,1,36,25,66,169,4,1,1,1,1,3,7,1,699,1211,2664.2000000000003,0
1909,Preeti,52,113,177,1,3,13,12,31,2,5,1,2,89,12,295,106,3,0,1,1,0,2,5,1,699,1155,11357.5,1
1910,ShivaPrasad,2,29,160,3,8,18,13,4,1,5,0,1,8,26,302,123,4,0,0,1,1,1,0,2,699,1283,12915.533333333333,1
1911,Keerthi,17,91,127,0,3,5,4,33,8,3,0,4,84,15,93,44,3,3,0,1,0,1,7,5,299,691,2142.1,0
1912,Noor,57,48,36,4,7,24,12,20,7,4,1,2,29,16,49,107,2,3,0,3,1,2,5,1,499,835,1363.8333333333333,0
1913,Arnav,7,83,45,4,12,17,8,9,9,4,0,1,85,44,202,11,3,3,0,9,1,3,4,3,499,923,6214.866666666667,1
1914,Jyothi,44,44,43,6,11,1,11,24,1,1,1,4,49,36,336,20,3,1,1,3,1,0,2,3,999,1447,16206.4,0
1915,Rashmi,39,15,156,4,43,2,1,0,6,1,0,3,61,39,81,111,1,1,0,2,2,3,1,1,699,827,2232.9,1
1916,Karthik,48,24,71,1,18,2,7,35,5,4,0,1,49,14,299,167,3,0,1,7,2,1,3,1,199,615,6129.5,1
1917,Aditya,0,61,83,5,28,8,12,15,1,5,0,3,35,19,301,28,0,3,0,9,1,0,6,2,699,795,7976.5,1
1918,Meera,51,77,87,6,13,19,3,23,8,4,1,3,83,21,322,149,4,1,1,2,0,2,3,2,999,1503,16132.199999999999,1
1919,ramya,55,70,133,0,33,15,11,16,6,3,1,2,49,0,272,139,4,0,0,5,0,3,7,3,199,767,6954.133333333333,0
1920,Rudra,32,79,118,6,3,9,14,27,4,2,0,3,62,33,250,20,0,1,0,6,0,4,6,3,699,811,6758.333333333334,0
1921,Tanvi,31,87,67,0,18,23,2,0,5,2,1,3,4,9,316,49,3,0,1,1,0,3,0,2,699,1075,11323.333333333334,1
1922,sneha,34,107,38,1,41,21,10,0,7,2,0,3,61,22,307,132,4,1,0,7,2,2,5,3,399,959,9813.766666666666,1
1923,Ananya,37,51,175,6,49,23,13,27,5,4,0,0,60,31,69,160,4,3,1,6,1,3,5,3,399,983,2260.8999999999996,1
1924,Tanvi,4,115,40,5,30,22,1,25,6,3,1,4,66,2,361,18,1,0,1,1,2,4,3,2,499,627,7544.9,1
1925,Sarika,3,20,152,5,44,8,14,37,2,5,0,4,89,25,156,116,1,3,1,2,0,0,5,5,399,631,3281.2000000000003,0
1926,Yash,28,8,152,6,3,17,7,6,2,1,1,1,71,42,295,44,2,1,0,5,1,1,2,5,499,795,7817.500000000001,0
1927,Anusha,24,106,156,0,13,10,8,16,6,1,1,4,64,14,70,11,4,2,1,4,0,1,4,5,999,1543,3600.3333333333335,0
1928,Bhavya,40,105,113,6,36,11,5,9,8,5,1,0,84,20,130,148,2,0,0,6,1,1,4,1,499,779,3375.6666666666665,0
1929,Ravi,57,64,146,4,48,26,10,6,4,4,1,1,54,43,282,171,0,3,0,8,2,4,1,4,699,779,7322.6,1
1930,Reyansh,43,62,47,1,15,22,11,10,9,3,1,1,9,19,351,102,4,2,0,1,0,3,7,4,299,867,10143.9,1
1931,Pranav,8,45,16,1,41,8,11,28,7,1,1,3,39,6,316,129,3,3,1,5,1,0,2,3,699,1147,12081.733333333334,1
1932,Shruti,28,83,137,1,7,11,11,19,9,4,0,3,33,29,325,102,1,0,1,9,0,2,6,2,699,907,9825.833333333334,0
1933,Yash,39,78,5,0,16,23,6,34,4,1,0,3,59,30,347,147,4,0,0,7,1,4,0,5,199,727,8408.966666666667,1
1934,Neeraj,39,115,29,3,49,4,6,10,3,2,1,4,14,7,300,1,2,0,1,5,0,0,4,1,999,1287,12870.0,0
1935,Pavani,39,50,55,2,9,16,8,24,6,0,0,0,47,41,148,4,1,2,1,7,2,4,0,3,299,483,2382.8,0
1936,Sravya,14,59,71,0,22,10,10,14,3,5,0,3,82,16,84,27,1,2,1,9,1,4,1,4,699,899,2517.2,1
1937,Amrutha,51,97,155,4,19,20,4,39,9,5,0,4,37,2,272,77,1,2,1,5,0,4,6,1,299,451,4089.0666666666666,0
1938,Ayaan,35,66,36,3,29,26,3,11,3,2,0,0,11,1,354,107,1,0,1,4,1,4,6,3,499,643,7587.400000000001,1
1939,Krishna,42,110,143,1,21,13,9,31,7,3,0,1,76,44,199,109,4,0,1,6,1,4,4,3,199,751,4981.633333333333,0
1940,Kabir,3,116,35,5,28,29,13,24,4,4,1,0,89,24,35,114,3,3,1,8,1,3,5,5,999,1463,1706.8333333333335,0
1941,Aditya,21,51,165,2,19,25,4,24,3,1,0,4,69,20,91,175,2,3,0,6,1,1,4,4,499,771,2338.7,1
1942,Varsha,58,75,116,1,41,11,9,9,6,2,1,2,77,13,216,121,1,0,0,2,0,0,1,5,699,891,6415.2,0
1943,Harini,6,90,128,0,40,12,12,7,7,0,1,2,87,26,357,19,4,2,1,4,2,4,6,5,499,1075,12792.5,0
1944,hasini,43,45,70,6,26,9,14,2,5,0,1,4,73,2,46,140,3,0,0,9,1,3,4,5,499,971,1488.8666666666668,0
1945,Preeti,6,14,76,4,25,9,14,25,0,2,0,0,2,29,197,147,0,3,0,1,1,2,4,2,199,311,2042.2333333333333,1
1946,Ishita,29,67,126,2,0,2,14,35,2,0,0,4,78,16,274,81,0,2,1,4,2,3,3,2,299,411,3753.7999999999997,0
1947,Priya,19,99,162,4,14,11,11,28,4,3,1,2,53,28,197,172,4,3,1,1,0,0,4,5,199,767,5036.633333333333,0
1948,Sonali,20,64,31,0,33,12,10,26,9,3,1,1,58,34,75,130,1,1,1,7,1,2,2,2,499,699,1747.5,1
1949,Sowmya,43,96,18,4,0,27,9,27,1,3,0,0,12,3,331,168,3,1,1,1,0,1,2,4,999,1431,15788.7,0
1950,Nandini,45,99,113,0,30,24,11,17,1,0,0,1,25,25,329,101,4,0,1,3,0,4,2,5,299,867,9508.1,0
1951,Komal,4,110,163,6,10,11,3,5,0,3,1,2,82,25,199,36,1,0,1,8,1,1,3,5,299,443,2938.566666666667,0
1952,Farah,27,67,164,1,38,28,3,35,5,0,1,4,48,31,303,137,1,2,1,7,2,2,3,1,699,843,8514.3,1
1953,Om,39,87,58,1,42,14,2,4,0,2,1,0,3,15,332,68,1,0,0,8,0,4,0,5,399,535,5920.666666666667,1
1954,Vihaan,52,51,162,4,47,17,12,30,4,4,0,1,50,16,111,89,1,2,0,4,2,2,7,4,499,715,2645.5,0
1955,Aditi,24,4,74,3,21,22,10,27,9,1,0,2,47,1,74,46,2,3,1,7,0,3,1,1,299,619,1526.8666666666668,1
1956,Aarav,17,113,76,2,29,22,9,31,2,3,0,4,40,19,327,122,3,2,1,5,1,4,0,1,199,631,6877.900000000001,1
1957,Ravi,27,20,117,6,42,25,1,4,7,5,0,2,72,3,357,137,2,3,1,3,0,1,4,2,299,547,6509.3,1
1958,Sneha,53,108,158,0,25,16,1,21,0,2,0,3,53,27,318,178,2,3,1,2,0,2,2,2,999,1247,13218.199999999999,0
1959,Divya,51,66,11,5,13,9,12,14,9,5,1,2,55,15,179,75,2,0,0,9,1,0,2,2,199,535,3192.1666666666665,0
1960,Rashmi,10,16,96,0,37,2,7,28,2,5,1,0,69,10,264,94,3,2,1,8,1,1,2,2,399,815,7172.000000000001,1
1961,ramya,56,69,165,4,2,2,1,21,1,0,1,2,30,4,245,80,4,0,0,8,2,4,4,2,399,887,7243.833333333333,0
1962,Sneha,36,83,14,1,30,21,3,31,7,3,0,2,29,17,240,87,2,3,0,8,0,3,4,4,199,463,3704.0,1
1963,Shreya,1,54,88,2,12,1,10,9,8,0,1,0,39,44,86,96,2,1,0,8,0,3,3,2,199,519,1487.8,1
1964,Sravya,50,35,137,5,7,28,4,29,5,4,0,2,43,5,121,74,4,2,1,2,2,4,1,5,199,711,2867.7,1
1965,sneha,58,59,33,2,16,6,13,20,9,4,0,2,19,19,43,78,3,3,0,6,2,3,6,5,699,1163,1666.9666666666667,0
1966,Khushi,30,84,76,0,30,27,9,22,8,2,1,1,21,32,38,84,4,2,1,9,1,0,6,4,399,951,1204.6,1
1967,sneha,30,100,135,6,40,14,7,13,7,2,1,3,58,2,168,140,4,2,1,9,1,2,5,2,199,735,4116.0,0
1968,Diya,12,119,141,1,20,12,10,38,6,2,1,0,9,14,354,166,2,3,0,6,1,4,7,4,499,819,9664.2,0
1969,Maira,29,5,90,4,3,16,9,7,2,3,0,3,29,41,101,15,4,1,0,3,1,3,2,1,299,851,2865.0333333333333,0
1970,Om,55,77,63,1,14,19,12,12,6,3,1,1,71,34,101,174,0,0,1,4,1,3,2,5,499,595,2003.1666666666667,0
1971,Tanvi,2,42,39,3,14,29,1,34,0,4,0,0,34,17,326,63,4,1,1,5,2,4,7,4,299,787,8552.066666666668,0
1972,Madhuri,48,2,17,3,43,23,8,36,5,1,1,0,13,32,334,161,2,0,0,6,2,3,1,5,399,703,7826.733333333333,1
1973,Sandeep,56,21,94,6,18,21,2,27,7,4,0,1,79,5,276,142,4,3,0,2,2,3,3,4,999,1495,13753.999999999998,1
1974,Kavya,19,64,129,4,27,2,5,9,7,5,0,2,53,39,313,54,2,0,0,1,1,4,4,1,199,479,4997.566666666667,1
1975,Anusha,29,31,60,2,40,21,7,34,3,4,0,1,47,20,103,5,0,0,1,8,1,4,5,5,699,755,2592.1666666666665,0
1976,Tejaswi,47,95,29,3,44,0,12,12,3,4,1,4,9,15,227,70,1,0,1,9,2,1,1,4,999,1215,9193.5,0
1977,Riya,27,22,32,2,32,19,12,38,5,2,1,0,59,0,54,153,2,3,0,2,1,0,1,2,399,735,1323.0,1
1978,Sravya,51,78,155,3,48,6,6,6,8,3,0,0,77,44,341,28,3,3,1,5,2,4,7,4,399,807,9172.9,1
1979,Yamini,4,96,42,2,30,28,11,9,1,3,1,1,5,13,272,142,2,0,0,5,1,0,7,5,199,527,4778.133333333333,1
1980,rohan,12,113,100,1,16,22,10,31,9,5,1,4,55,3,169,124,3,0,0,2,1,4,7,5,199,639,3599.7000000000003,1
1981,Divya,28,71,162,0,18,12,8,29,4,4,1,3,88,18,207,145,2,2,1,3,0,4,5,1,999,1303,8990.7,1
1982,Arnav,30,98,88,4,15,9,13,14,2,0,0,1,69,25,72,39,2,2,1,4,2,0,6,5,699,1043,2503.2,0
1983,Nandini,36,70,152,4,41,12,14,32,5,1,0,2,22,0,78,113,2,2,0,6,1,0,1,5,499,851,2212.6,0
1984,Dhruv,21,117,178,4,28,1,1,39,7,2,0,2,6,34,187,115,2,2,0,3,1,0,0,5,999,1247,7772.966666666667,0
1985,Navya,52,4,121,3,48,9,5,24,3,3,0,2,87,21,357,64,2,3,1,5,1,4,1,5,199,479,5700.1,1
1986,Payal,3,32,82,5,27,22,14,20,3,5,0,0,56,36,257,10,3,0,1,8,2,3,6,1,299,771,6604.9,1
1987,Isha,45,63,67,4,47,5,5,5,9,5,0,0,28,38,295,136,4,0,0,7,2,0,5,4,999,1519,14936.833333333334,0
1988,Navya,43,89,137,4,44,4,5,34,1,3,0,2,77,3,39,5,0,2,1,2,0,1,1,3,299,339,440.7,0
1989,Noor,35,11,77,5,3,2,4,12,5,1,1,1,7,8,130,114,3,3,0,2,1,4,4,2,199,591,2561.0,1
1990,Jyothi,13,16,103,3,0,9,9,38,8,4,1,2,68,40,61,22,1,3,0,2,0,1,0,1,999,1191,2421.7,1
1991,Vikram,16,54,115,4,4,7,9,34,3,4,1,2,70,42,118,68,4,3,0,3,0,1,5,4,399,951,3740.6,0
1992,Kavya,4,1,152,2,12,19,5,15,0,4,0,4,27,18,169,31,2,1,1,4,2,3,3,4,699,979,5515.033333333334,1
1993,Vivaan,17,85,116,1,40,10,10,22,8,5,1,1,46,41,278,124,2,3,1,7,1,4,7,1,199,519,4809.400000000001,1
1994,Arjun,39,51,117,2,8,20,10,32,3,3,1,3,45,0,121,25,2,2,1,8,1,0,5,5,199,519,2093.2999999999997,0
1995,bhavya,15,94,92,5,26,27,3,19,9,0,0,3,53,42,38,134,2,2,1,7,2,2,5,5,199,463,586.4666666666666,0
1996,Navya,0,9,110,1,18,27,1,21,5,2,0,0,80,17,257,61,2,2,1,1,0,4,5,2,499,747,6399.3,1
1997,Rudra,31,8,85,2,32,22,8,15,6,5,0,4,31,36,119,14,2,2,0,9,2,3,2,2,299,603,2391.9,1
1998,Maira,49,4,62,0,28,25,6,24,9,1,1,4,84,14,157,172,0,0,1,5,2,4,6,5,199,247,1292.6333333333334,1
1999,Sana,25,47,59,2,36,14,3,37,1,5,1,2,1,42,149,170,3,1,1,8,2,1,3,2,299,683,3392.2333333333336,0
